Time,X,Y,Z,Vx,Vy,Vz,r,p,y
11.582743884,-0.962,0.013,0.137,0.001,0.019,0,0.2,-1.73,-5.22
11.602783919,-0.963,0.012,0.137,0.005,0.017,-0.001,0.22,-1.96,-5.29
11.622806073,-0.963,0.013,0.137,0.014,0.018,-0.002,0.21,-2.3,-5.28
11.642860175,-0.962,0.013,0.137,0.026,0.018,-0.003,0.22,-2.77,-5.29
11.662793875,-0.961,0.013,0.137,0.041,0.017,-0.003,0.24,-3.37,-5.34
11.683262587,-0.96,0.013,0.137,0.058,0.015,-0.004,0.25,-4.09,-5.36
11.702821732,-0.959,0.013,0.137,0.068,0.016,-0.006,0.26,-4.54,-5.38
11.722872258,-0.957,0.013,0.137,0.069,0.012,-0.001,0.32,-5.24,-5.59
11.742770672,-0.956,0.013,0.137,0.063,0.013,0.004,0.3,-5.45,-5.62
11.762810469,-0.955,0.013,0.137,0.073,0.017,0.004,0.27,-5.67,-5.71
11.78281045,-0.953,0.013,0.138,0.076,0.017,0.009,0.34,-5.79,-5.82
11.802888871,-0.951,0.014,0.138,0.081,0.017,0.014,0.3,-5.87,-5.86
11.822748423,-0.95,0.014,0.139,0.08,0.021,0.017,0.23,-5.81,-5.84
11.842771531,-0.948,0.014,0.139,0.078,0.024,0.019,0.23,-5.75,-5.82
11.862821341,-0.946,0.015,0.14,0.075,0.027,0.022,0.21,-5.54,-5.86
11.882967711,-0.945,0.015,0.14,0.075,0.028,0.024,0.18,-5.28,-5.85
11.902827502,-0.944,0.016,0.141,0.067,0.031,0.026,0.13,-4.94,-5.9
11.922791005,-0.942,0.016,0.142,0.068,0.032,0.027,0.11,-4.62,-5.95
11.942741156,-0.941,0.017,0.143,0.064,0.034,0.029,0.09,-4.26,-6.03
11.962796927,-0.94,0.017,0.143,0.066,0.035,0.03,0.07,-3.96,-6.09
11.982808114,-0.938,0.018,0.144,0.067,0.037,0.03,0.03,-3.73,-6.18
12.002809525,-0.937,0.019,0.145,0.065,0.038,0.03,0.02,-3.51,-6.28
12.022804499,-0.936,0.019,0.146,0.064,0.04,0.031,0,-3.39,-6.42
12.042757988,-0.935,0.02,0.146,0.068,0.04,0.032,0,-3.37,-6.58
12.062684536,-0.933,0.021,0.147,0.068,0.042,0.032,0.01,-3.41,-6.8
12.082778693,-0.932,0.022,0.148,0.068,0.044,0.033,0,-3.56,-6.94
12.102860928,-0.931,0.022,0.149,0.061,0.048,0.036,-0.01,-3.58,-7.07
12.122945071,-0.929,0.023,0.15,0.062,0.052,0.037,-0.02,-3.63,-7.15
12.142769099,-0.928,0.024,0.151,0.061,0.055,0.038,-0.03,-3.68,-7.13
12.162799836,-0.927,0.025,0.151,0.06,0.057,0.04,-0.04,-3.72,-7.12
12.182775498,-0.926,0.026,0.152,0.058,0.059,0.042,-0.04,-3.74,-7.13
12.202829838,-0.925,0.027,0.153,0.058,0.062,0.043,-0.04,-3.73,-7.14
12.222793103,-0.924,0.028,0.154,0.059,0.064,0.044,-0.04,-3.77,-7.14
12.242830754,-0.923,0.029,0.155,0.062,0.065,0.046,-0.04,-3.81,-7.13
12.262809039,-0.921,0.03,0.156,0.066,0.067,0.047,-0.05,-3.89,-7.09
12.282747508,-0.92,0.031,0.157,0.071,0.068,0.048,-0.06,-3.97,-7.07
12.30317092,-0.919,0.032,0.158,0.083,0.068,0.047,-0.07,-4.25,-7.04
12.322826863,-0.917,0.034,0.159,0.088,0.067,0.048,-0.07,-4.55,-7.08
12.342870474,-0.916,0.035,0.16,0.097,0.067,0.049,-0.06,-4.82,-7.1
12.362828255,-0.914,0.036,0.161,0.106,0.068,0.05,-0.04,-5.26,-7.15
12.382749558,-0.912,0.037,0.162,0.111,0.069,0.053,-0.03,-5.64,-7.2
12.402753354,-0.91,0.038,0.164,0.117,0.068,0.057,-0.03,-5.87,-7.31
12.42282033,-0.907,0.039,0.165,0.124,0.069,0.058,-0.04,-6.1,-7.44
12.442809344,-0.905,0.04,0.166,0.131,0.07,0.06,-0.04,-6.36,-7.56
12.46275878,-0.903,0.041,0.167,0.135,0.072,0.062,-0.04,-6.63,-7.66
12.48275733,-0.9,0.042,0.168,0.132,0.075,0.065,-0.03,-6.71,-7.77
12.502716303,-0.898,0.043,0.169,0.139,0.077,0.067,-0.04,-6.87,-7.76
12.522826434,-0.896,0.044,0.17,0.139,0.078,0.069,-0.05,-6.94,-7.86
12.54340005,-0.894,0.045,0.172,0.14,0.079,0.071,-0.1,-6.99,-7.87
12.56277299,-0.891,0.046,0.173,0.141,0.082,0.073,-0.1,-7,-7.95
12.582724572,-0.889,0.047,0.174,0.139,0.082,0.077,-0.08,-6.88,-8.06
12.602747441,-0.887,0.048,0.175,0.14,0.084,0.078,-0.11,-6.74,-8.1
12.622798443,-0.885,0.049,0.176,0.139,0.086,0.079,-0.11,-6.65,-8.16
12.642804385,-0.883,0.05,0.177,0.142,0.087,0.082,-0.11,-6.52,-8.26
12.662950993,-0.881,0.051,0.179,0.144,0.088,0.083,-0.13,-6.38,-8.33
12.682968379,-0.879,0.052,0.18,0.15,0.088,0.082,-0.16,-6.27,-8.4
12.702884436,-0.876,0.053,0.181,0.152,0.092,0.081,-0.18,-6.2,-8.49
12.7229352,-0.873,0.055,0.183,0.159,0.095,0.08,-0.19,-6.21,-8.58
12.742822886,-0.87,0.057,0.185,0.163,0.098,0.081,-0.2,-6.25,-8.69
12.762981654,-0.867,0.059,0.186,0.169,0.101,0.081,-0.24,-6.22,-8.81
12.782932759,-0.863,0.061,0.188,0.177,0.104,0.079,-0.29,-6.24,-8.93
12.803596974,-0.859,0.063,0.19,0.183,0.108,0.078,-0.31,-6.33,-9.05
12.822760582,-0.856,0.066,0.191,0.19,0.111,0.079,-0.32,-6.45,-9.17
12.843117953,-0.852,0.068,0.193,0.2,0.114,0.077,-0.35,-6.54,-9.27
12.862795592,-0.848,0.07,0.194,0.208,0.117,0.076,-0.39,-6.68,-9.36
12.882864476,-0.843,0.073,0.196,0.216,0.12,0.077,-0.4,-6.82,-9.47
12.903015137,-0.839,0.075,0.197,0.227,0.122,0.076,-0.41,-6.98,-9.55
12.92286563,-0.834,0.077,0.199,0.233,0.125,0.077,-0.41,-7.11,-9.63
12.942961216,-0.83,0.08,0.2,0.242,0.129,0.078,-0.44,-7.18,-9.7
12.962805987,-0.825,0.083,0.202,0.251,0.132,0.077,-0.47,-7.3,-9.74
12.982825518,-0.82,0.085,0.204,0.257,0.136,0.078,-0.49,-7.34,-9.8
13.00285244,-0.814,0.088,0.205,0.266,0.139,0.079,-0.5,-7.36,-9.82
13.022845269,-0.809,0.091,0.207,0.273,0.143,0.079,-0.51,-7.37,-9.83
13.042874337,-0.803,0.094,0.208,0.279,0.147,0.081,-0.52,-7.32,-9.84
13.062787533,-0.798,0.097,0.21,0.289,0.15,0.081,-0.54,-7.27,-9.83
13.082780362,-0.792,0.1,0.212,0.296,0.154,0.082,-0.54,-7.19,-9.79
13.102721453,-0.786,0.103,0.213,0.306,0.156,0.081,-0.54,-7.11,-9.75
13.122793437,-0.805,0.078,0.212,0.277,0.113,0.104,-0.27,-6.89,-9.63
13.142827034,-0.803,0.077,0.212,0.278,0.112,0.104,-0.26,-6.72,-9.49
13.16292882,-0.802,0.075,0.211,0.277,0.113,0.103,-0.25,-6.41,-9.4
13.182870865,-0.801,0.074,0.21,0.283,0.112,0.101,-0.26,-6.16,-9.31
13.203110934,-0.799,0.072,0.209,0.284,0.114,0.101,-0.31,-5.86,-9.29
13.222792149,-0.798,0.07,0.207,0.288,0.114,0.102,-0.36,-5.6,-9.29
13.242811442,-0.796,0.069,0.206,0.292,0.11,0.1,-0.41,-5.43,-9.32
13.262856246,-0.794,0.067,0.205,0.293,0.106,0.1,-0.44,-5.26,-9.31
13.282757521,-0.792,0.066,0.204,0.293,0.099,0.102,-0.43,-5.17,-9.33
13.302715779,-0.79,0.065,0.204,0.293,0.094,0.104,-0.41,-5.07,-9.3
13.322700739,-0.787,0.063,0.203,0.289,0.091,0.106,-0.34,-4.93,-9.24
13.342916012,-0.784,0.062,0.203,0.286,0.091,0.108,-0.27,-4.78,-9.15
13.362768651,-0.781,0.062,0.203,0.285,0.092,0.107,-0.22,-4.56,-9.02
13.382735491,-0.778,0.061,0.203,0.284,0.095,0.106,-0.17,-4.34,-8.89
13.40276742,-0.775,0.06,0.204,0.285,0.096,0.103,-0.13,-4.11,-8.79
13.422754288,-0.772,0.06,0.204,0.289,0.097,0.101,-0.09,-3.96,-8.66
13.442744017,-0.769,0.059,0.203,0.289,0.097,0.101,-0.05,-3.8,-8.55
13.462710619,-0.766,0.059,0.203,0.292,0.096,0.1,0.01,-3.73,-8.41
13.482824803,-0.762,0.058,0.203,0.296,0.095,0.101,0.07,-3.7,-8.31
13.502820492,-0.759,0.057,0.203,0.298,0.096,0.102,0.11,-3.72,-8.23
13.522819043,-0.756,0.057,0.203,0.3,0.098,0.102,0.13,-3.79,-8.15
13.542748929,-0.752,0.056,0.203,0.302,0.101,0.102,0.12,-3.84,-8.09
13.562738657,-0.749,0.056,0.203,0.303,0.103,0.103,0.08,-3.91,-8.01
13.582710982,-0.745,0.055,0.203,0.305,0.103,0.103,0.05,-3.98,-8.01
13.60276723,-0.742,0.055,0.203,0.305,0.103,0.103,0,-4.03,-8
13.622733117,-0.738,0.054,0.203,0.303,0.103,0.103,-0.03,-4.02,-8
13.642797232,-0.735,0.054,0.203,0.301,0.104,0.105,-0.06,-3.97,-7.96
13.662745238,-0.731,0.054,0.204,0.297,0.105,0.106,-0.08,-3.78,-7.92
13.682719231,-0.728,0.054,0.204,0.297,0.107,0.108,-0.09,-3.6,-7.85
13.702734948,-0.724,0.053,0.204,0.295,0.11,0.11,-0.09,-3.39,-7.84
13.722967864,-0.72,0.053,0.205,0.293,0.112,0.11,-0.11,-3.18,-7.82
13.742810011,-0.717,0.053,0.205,0.288,0.115,0.111,-0.14,-2.92,-7.8
13.762755156,-0.714,0.053,0.205,0.285,0.115,0.11,-0.17,-2.7,-7.78
13.783284426,-0.71,0.053,0.205,0.281,0.112,0.109,-0.16,-2.45,-7.78
13.802735806,-0.707,0.053,0.206,0.277,0.11,0.107,-0.15,-2.22,-7.78
13.822741509,-0.704,0.052,0.206,0.276,0.108,0.107,-0.1,-2.06,-7.77
13.842721463,-0.701,0.052,0.206,0.276,0.108,0.109,-0.05,-2,-7.78
13.862680913,-0.698,0.052,0.206,0.274,0.109,0.109,-0.02,-2.02,-7.75
13.88292861,-0.695,0.051,0.206,0.273,0.107,0.108,0.03,-2.12,-7.73
13.902838707,-0.693,0.051,0.206,0.27,0.107,0.107,0.07,-2.25,-7.71
13.922759295,-0.689,0.05,0.207,0.268,0.106,0.107,0.12,-2.42,-7.71
13.942864895,-0.686,0.05,0.207,0.264,0.105,0.107,0.18,-2.59,-7.66
13.962882519,-0.683,0.05,0.207,0.262,0.106,0.107,0.23,-2.74,-7.58
13.982825041,-0.68,0.05,0.207,0.26,0.106,0.107,0.28,-2.9,-7.52
14.002823353,-0.677,0.049,0.208,0.256,0.108,0.108,0.32,-2.98,-7.43
14.022795201,-0.675,0.049,0.208,0.256,0.11,0.107,0.35,-3.09,-7.38
14.042910338,-0.672,0.049,0.208,0.253,0.111,0.107,0.37,-3.17,-7.32
14.062733651,-0.669,0.049,0.208,0.253,0.113,0.107,0.38,-3.23,-7.3
14.082750559,-0.667,0.048,0.208,0.251,0.114,0.106,0.36,-3.27,-7.29
14.102826119,-0.664,0.048,0.208,0.25,0.115,0.106,0.35,-3.31,-7.3
14.122891427,-0.661,0.048,0.208,0.248,0.115,0.106,0.31,-3.35,-7.32
14.142728091,-0.659,0.048,0.208,0.248,0.115,0.107,0.29,-3.4,-7.34
14.162786484,-0.656,0.048,0.209,0.245,0.115,0.108,0.26,-3.42,-7.39
14.18279028,-0.653,0.048,0.209,0.244,0.115,0.107,0.23,-3.44,-7.42
14.20283103,-0.651,0.048,0.209,0.24,0.115,0.108,0.21,-3.45,-7.49
14.222795725,-0.649,0.048,0.209,0.236,0.115,0.107,0.2,-3.42,-7.55
14.242762805,-0.647,0.047,0.209,0.234,0.114,0.107,0.2,-3.42,-7.58
14.262716532,-0.644,0.047,0.209,0.229,0.115,0.107,0.2,-3.43,-7.61
14.282799006,-0.642,0.047,0.209,0.226,0.115,0.107,0.2,-3.4,-7.59
14.302780867,-0.64,0.047,0.209,0.222,0.115,0.107,0.19,-3.36,-7.58
14.322778941,-0.638,0.047,0.209,0.22,0.115,0.106,0.18,-3.32,-7.55
14.342729807,-0.636,0.046,0.209,0.219,0.114,0.104,0.19,-3.35,-7.5
14.362833977,-0.634,0.046,0.209,0.216,0.115,0.103,0.21,-3.35,-7.5
14.383207799,-0.632,0.046,0.209,0.215,0.114,0.103,0.22,-3.37,-7.5
14.402849436,-0.63,0.046,0.209,0.213,0.114,0.102,0.23,-3.4,-7.5
14.422918559,-0.629,0.045,0.209,0.211,0.114,0.101,0.24,-3.44,-7.53
14.442905903,-0.627,0.045,0.209,0.21,0.114,0.101,0.26,-3.45,-7.55
14.462903977,-0.625,0.045,0.209,0.212,0.113,0.1,0.26,-3.52,-7.59
14.482772351,-0.622,0.045,0.21,0.215,0.112,0.098,0.27,-3.65,-7.67
14.502785206,-0.62,0.045,0.21,0.217,0.111,0.097,0.27,-3.79,-7.74
14.522740841,-0.618,0.045,0.21,0.218,0.11,0.097,0.26,-3.94,-7.82
14.542795659,-0.616,0.044,0.21,0.22,0.108,0.096,0.25,-4.07,-7.91
14.562820435,-0.614,0.044,0.209,0.218,0.107,0.096,0.23,-4.22,-7.99
14.58283639,-0.612,0.043,0.209,0.216,0.106,0.097,0.21,-4.35,-8.07
14.60282302,-0.61,0.043,0.209,0.212,0.106,0.098,0.2,-4.38,-8.15
14.622714997,-0.608,0.043,0.209,0.209,0.106,0.098,0.18,-4.39,-8.21
14.642772913,-0.606,0.042,0.209,0.206,0.106,0.098,0.18,-4.35,-8.25
14.662750721,-0.605,0.042,0.209,0.201,0.106,0.099,0.17,-4.29,-8.26
14.682698727,-0.603,0.041,0.209,0.196,0.106,0.101,0.16,-4.15,-8.27
14.702791214,-0.601,0.041,0.209,0.194,0.106,0.1,0.17,-4.02,-8.26
14.722750187,-0.6,0.041,0.209,0.191,0.104,0.099,0.19,-3.92,-8.22
14.742802382,-0.598,0.04,0.209,0.187,0.104,0.098,0.2,-3.79,-8.18
14.762991667,-0.597,0.04,0.209,0.188,0.104,0.097,0.22,-3.71,-8.14
14.78285718,-0.595,0.04,0.209,0.185,0.105,0.096,0.24,-3.7,-8.08
14.80282712,-0.594,0.039,0.209,0.184,0.105,0.094,0.26,-3.67,-8.02
14.822868586,-0.593,0.039,0.208,0.182,0.104,0.093,0.27,-3.7,-7.98
14.842780352,-0.591,0.039,0.208,0.181,0.105,0.093,0.27,-3.75,-7.97
14.862746954,-0.59,0.038,0.208,0.179,0.105,0.092,0.28,-3.84,-7.91
14.882918597,-0.589,0.038,0.208,0.176,0.106,0.092,0.28,-3.92,-7.9
14.902789832,-0.587,0.038,0.208,0.175,0.105,0.091,0.29,-4.01,-7.91
14.922778607,-0.586,0.037,0.208,0.173,0.104,0.091,0.29,-4.12,-7.91
14.942893506,-0.585,0.037,0.208,0.17,0.104,0.091,0.3,-4.19,-7.91
14.962753296,-0.583,0.037,0.208,0.17,0.103,0.089,0.29,-4.28,-7.93
14.982750178,-0.582,0.036,0.208,0.168,0.103,0.089,0.29,-4.37,-7.93
15.002769232,-0.581,0.036,0.208,0.167,0.101,0.089,0.29,-4.46,-7.96
15.022810936,-0.58,0.036,0.207,0.167,0.1,0.088,0.29,-4.54,-7.99
15.042815209,-0.578,0.035,0.207,0.168,0.099,0.087,0.28,-4.63,-8.01
15.06283927,-0.575,0.037,0.209,0.169,0.102,0.087,0.27,-4.72,-8.05
15.082851172,-0.571,0.039,0.211,0.173,0.105,0.087,0.24,-4.78,-8.09
15.102783204,-0.568,0.042,0.212,0.179,0.107,0.086,0.22,-4.89,-8.14
15.122861147,-0.564,0.044,0.214,0.183,0.11,0.086,0.21,-4.99,-8.18
15.142812491,-0.561,0.046,0.216,0.189,0.114,0.085,0.19,-5.1,-8.21
15.16291833,-0.557,0.048,0.218,0.194,0.117,0.086,0.17,-5.22,-8.21
15.182846547,-0.553,0.051,0.219,0.2,0.12,0.085,0.13,-5.3,-8.25
15.202810526,-0.549,0.053,0.221,0.205,0.124,0.085,0.09,-5.4,-8.25
15.222865582,-0.545,0.056,0.223,0.21,0.127,0.086,0.07,-5.48,-8.24
15.242824078,-0.54,0.058,0.225,0.216,0.131,0.086,0.04,-5.51,-8.23
15.262819291,-0.536,0.061,0.226,0.221,0.135,0.086,-0.01,-5.57,-8.22
15.282828808,-0.531,0.064,0.228,0.228,0.139,0.086,-0.05,-5.59,-8.21
15.302739382,-0.527,0.066,0.23,0.233,0.143,0.087,-0.11,-5.63,-8.21
15.322707892,-0.522,0.07,0.232,0.238,0.148,0.087,-0.17,-5.66,-8.23
15.342824936,-0.517,0.073,0.233,0.243,0.152,0.087,-0.2,-5.69,-8.23
15.36284256,-0.512,0.076,0.235,0.246,0.157,0.088,-0.26,-5.66,-8.24
15.382827282,-0.507,0.079,0.237,0.25,0.16,0.088,-0.31,-5.58,-8.23
15.402806283,-0.502,0.082,0.239,0.251,0.165,0.087,-0.37,-5.48,-8.2
15.422750474,-0.497,0.086,0.24,0.255,0.167,0.087,-0.41,-5.31,-8.17
15.44272852,-0.492,0.089,0.242,0.259,0.169,0.088,-0.42,-5.19,-8.13
15.462763787,-0.512,0.061,0.236,0.225,0.12,0.103,-0.17,-4.88,-8.02
15.48273635,-0.514,0.056,0.232,0.225,0.111,0.096,-0.11,-4.75,-7.93
15.502706051,-0.516,0.051,0.227,0.223,0.106,0.091,-0.06,-4.64,-7.82
15.522709132,-0.517,0.046,0.223,0.222,0.101,0.086,0,-4.59,-7.7
15.54271698,-0.518,0.042,0.22,0.221,0.096,0.083,0.05,-4.53,-7.6
15.56272769,-0.519,0.038,0.216,0.223,0.09,0.08,0.12,-4.55,-7.49
15.582755805,-0.519,0.035,0.214,0.22,0.086,0.078,0.17,-4.59,-7.38
15.602741719,-0.523,0.027,0.207,0.218,0.077,0.075,0.24,-4.63,-7.25
15.623045207,-0.522,0.025,0.206,0.217,0.076,0.074,0.27,-4.7,-7.17
15.642788172,-0.518,0.027,0.207,0.221,0.081,0.075,0.26,-4.76,-7.12
15.662774802,-0.517,0.024,0.205,0.219,0.079,0.074,0.27,-4.78,-7.07
15.682837725,-0.515,0.022,0.204,0.219,0.079,0.073,0.26,-4.75,-7
15.702815295,-0.577,-0.05,0.135,0.156,0.004,0.011,0.49,-4.59,-7.03
15.722761393,-0.574,-0.05,0.136,0.161,0.005,0.011,0.45,-4.53,-6.98
15.742824793,-0.571,-0.05,0.136,0.164,0.007,0.012,0.4,-4.51,-6.9
15.762883902,-0.567,-0.05,0.136,0.166,0.009,0.013,0.35,-4.42,-6.86
15.782862902,-0.565,-0.05,0.137,0.16,0.006,0.015,0.34,-4.22,-6.86
15.802848101,-0.561,-0.05,0.137,0.164,0.008,0.014,0.32,-4.06,-6.78
15.822737217,-0.559,-0.051,0.137,0.163,0.004,0.012,0.33,-3.86,-6.77
15.842817069,-0.555,-0.051,0.137,0.166,0.008,0.011,0.3,-3.75,-6.69
15.862831355,-0.552,-0.051,0.138,0.169,0.011,0.011,0.27,-3.61,-6.7
15.882754803,-0.549,-0.051,0.138,0.173,0.013,0.012,0.2,-3.56,-6.65
15.902815819,-0.545,-0.05,0.138,0.173,0.013,0.013,0.21,-3.51,-6.62
15.922773362,-0.542,-0.05,0.139,0.174,0.011,0.014,0.23,-3.48,-6.54
15.942804099,-0.541,-0.053,0.137,0.154,-0.007,0.002,0.39,-3.37,-6.54
15.962812424,-0.538,-0.053,0.137,0.155,-0.006,0.001,0.44,-3.32,-6.41
15.98278308,-0.534,-0.054,0.137,0.155,-0.002,0.003,0.46,-3.22,-6.25
16.002751828,-0.531,-0.054,0.137,0.159,0.001,0.001,0.48,-3.13,-6.12
16.022785664,-0.528,-0.054,0.137,0.162,0.005,0.002,0.47,-3.08,-5.98
16.042896748,-0.525,-0.053,0.138,0.164,0.007,0.004,0.49,-3.07,-5.87
16.062749625,-0.521,-0.053,0.138,0.169,0.009,0.006,0.46,-3.1,-5.79
16.082802296,-0.518,-0.053,0.138,0.169,0.01,0.01,0.48,-3.19,-5.67
16.102735758,-0.515,-0.053,0.139,0.168,0.013,0.01,0.47,-3.26,-5.63
16.122859955,-0.511,-0.053,0.139,0.165,0.015,0.013,0.47,-3.32,-5.55
16.142825366,-0.508,-0.053,0.139,0.166,0.017,0.015,0.48,-3.37,-5.44
16.162791253,-0.504,-0.052,0.14,0.166,0.019,0.019,0.49,-3.44,-5.35
16.182779313,-0.501,-0.052,0.141,0.167,0.021,0.02,0.49,-3.56,-5.28
16.202718258,-0.498,-0.052,0.141,0.166,0.025,0.021,0.47,-3.66,-5.22
16.222822667,-0.494,-0.051,0.142,0.166,0.029,0.023,0.46,-3.72,-5.16
16.242823363,-0.491,-0.051,0.143,0.166,0.033,0.025,0.43,-3.78,-5.09
16.262730122,-0.488,-0.05,0.143,0.167,0.035,0.028,0.41,-3.83,-5.04
16.282725573,-0.485,-0.05,0.144,0.166,0.038,0.03,0.39,-3.86,-4.99
16.302758217,-0.481,-0.049,0.145,0.167,0.039,0.031,0.36,-3.9,-4.93
16.322794199,-0.478,-0.048,0.146,0.169,0.04,0.032,0.33,-3.95,-4.89
16.342724801,-0.475,-0.047,0.146,0.171,0.04,0.034,0.31,-3.99,-4.87
16.362836361,-0.471,-0.047,0.147,0.175,0.042,0.035,0.29,-4.09,-4.87
16.382756472,-0.468,-0.046,0.148,0.175,0.043,0.037,0.26,-4.18,-4.85
16.402834893,-0.464,-0.045,0.149,0.176,0.045,0.04,0.26,-4.25,-4.86
16.422762394,-0.461,-0.045,0.15,0.178,0.046,0.042,0.24,-4.34,-4.86
16.442842484,-0.457,-0.044,0.151,0.178,0.047,0.044,0.22,-4.38,-4.85
16.462819338,-0.454,-0.043,0.152,0.179,0.048,0.044,0.21,-4.39,-4.86
16.482812167,-0.45,-0.042,0.153,0.181,0.049,0.046,0.22,-4.38,-4.82
16.502821208,-0.447,-0.041,0.154,0.183,0.052,0.048,0.22,-4.35,-4.77
16.522796393,-0.443,-0.04,0.155,0.184,0.052,0.051,0.24,-4.31,-4.69
16.542804957,-0.44,-0.04,0.156,0.186,0.054,0.054,0.27,-4.31,-4.6
16.562842608,-0.436,-0.039,0.157,0.179,0.058,0.059,0.3,-4.2,-4.47
16.582777977,-0.433,-0.038,0.159,0.172,0.064,0.063,0.31,-3.95,-4.38
16.60283804,-0.43,-0.037,0.16,0.166,0.068,0.066,0.31,-3.6,-4.24
16.622809172,-0.427,-0.036,0.161,0.161,0.07,0.067,0.31,-3.19,-4.12
16.642769814,-0.424,-0.034,0.163,0.162,0.071,0.067,0.32,-2.84,-4.01
16.662822962,-0.421,-0.033,0.164,0.16,0.072,0.067,0.32,-2.51,-3.88
16.683079482,-0.416,-0.032,0.166,0.169,0.074,0.063,0.36,-2.19,-3.77
16.702695609,-0.415,-0.031,0.166,0.172,0.074,0.065,0.37,-2.17,-3.72
16.722744704,-0.412,-0.03,0.168,0.178,0.076,0.067,0.4,-2.27,-3.67
16.74270773,-0.408,-0.029,0.169,0.183,0.079,0.067,0.41,-2.47,-3.67
16.762749434,-0.405,-0.028,0.17,0.188,0.081,0.067,0.42,-2.82,-3.67
16.782781363,-0.401,-0.027,0.171,0.192,0.082,0.069,0.42,-3.21,-3.7
16.802759648,-0.398,-0.026,0.172,0.194,0.083,0.07,0.43,-3.65,-3.75
16.822755576,-0.394,-0.025,0.174,0.193,0.084,0.071,0.44,-4.02,-3.77
16.842910529,-0.391,-0.024,0.175,0.196,0.086,0.072,0.44,-4.36,-3.82
16.863058329,-0.385,-0.022,0.177,0.194,0.09,0.075,0.42,-4.73,-3.85
16.882831336,-0.384,-0.022,0.177,0.196,0.09,0.076,0.43,-4.79,-3.83
16.902879239,-0.38,-0.021,0.178,0.198,0.092,0.078,0.42,-4.94,-3.82
16.922715188,-0.376,-0.019,0.18,0.2,0.094,0.08,0.4,-5.04,-3.88
16.942771197,-0.372,-0.018,0.181,0.204,0.096,0.083,0.38,-5.05,-3.92
16.962913275,-0.369,-0.017,0.182,0.206,0.098,0.084,0.33,-5.04,-3.98
16.982861043,-0.365,-0.016,0.183,0.207,0.102,0.084,0.26,-4.98,-4.05
17.002886534,-0.362,-0.015,0.184,0.21,0.103,0.084,0.18,-4.95,-4.1
17.022918463,-0.359,-0.014,0.185,0.208,0.104,0.085,0.13,-4.85,-4.14
17.04274869,-0.356,-0.013,0.185,0.211,0.103,0.085,0.07,-4.8,-4.18
17.062787295,-0.353,-0.013,0.186,0.21,0.102,0.087,0.03,-4.73,-4.23
17.082824946,-0.35,-0.012,0.187,0.212,0.1,0.088,0.01,-4.67,-4.28
17.10298729,-0.344,-0.011,0.188,0.213,0.102,0.089,-0.03,-4.59,-4.34
17.122742415,-0.344,-0.011,0.188,0.211,0.101,0.09,-0.04,-4.56,-4.35
17.142801047,-0.341,-0.011,0.189,0.207,0.102,0.091,-0.06,-4.45,-4.37
17.162890673,-0.338,-0.01,0.19,0.205,0.102,0.094,-0.09,-4.32,-4.35
17.183004141,-0.333,-0.009,0.191,0.201,0.104,0.095,-0.08,-4.13,-4.3
17.202824593,-0.332,-0.009,0.191,0.199,0.102,0.096,-0.07,-4.05,-4.27
17.223012686,-0.329,-0.009,0.192,0.2,0.101,0.094,-0.03,-3.96,-4.2
17.242816926,-0.327,-0.008,0.193,0.197,0.101,0.094,-0.01,-3.87,-4.12
17.262754202,-0.324,-0.008,0.193,0.2,0.101,0.093,0.05,-3.82,-4.05
17.282802582,-0.321,-0.008,0.194,0.201,0.103,0.091,0.09,-3.83,-3.94
17.302831173,-0.318,-0.007,0.194,0.202,0.102,0.09,0.14,-3.86,-3.86
17.322805405,-0.316,-0.007,0.195,0.204,0.104,0.089,0.17,-3.91,-3.8
17.342769862,-0.313,-0.007,0.195,0.206,0.104,0.089,0.2,-3.99,-3.73
17.362797022,-0.31,-0.007,0.195,0.208,0.105,0.089,0.22,-4.07,-3.72
17.382739306,-0.355,-0.072,0.136,0.153,0.021,0.021,0.55,-4,-3.78
17.402761698,-0.352,-0.072,0.137,0.155,0.024,0.025,0.53,-4.14,-3.86
17.42282939,-0.349,-0.072,0.138,0.158,0.024,0.026,0.52,-4.26,-3.9
17.442793847,-0.346,-0.071,0.138,0.16,0.027,0.024,0.52,-4.37,-3.91
17.462845803,-0.343,-0.072,0.138,0.156,0.022,0.02,0.56,-4.43,-3.95
17.483118773,-0.34,-0.071,0.138,0.158,0.025,0.021,0.53,-4.5,-3.93
17.502765179,-0.336,-0.072,0.138,0.153,0.019,0.014,0.55,-4.44,-3.96
17.522751809,-0.335,-0.073,0.138,0.15,0.013,0.012,0.59,-4.38,-3.96
17.542825938,-0.333,-0.073,0.138,0.151,0.013,0.012,0.56,-4.35,-3.93
17.562784911,-0.329,-0.074,0.138,0.154,0.005,0.013,0.64,-4.34,-3.92
17.582885266,-0.326,-0.074,0.138,0.159,0.005,0.008,0.65,-4.39,-3.82
17.603238822,-0.322,-0.074,0.138,0.163,0.006,0.005,0.74,-4.46,-3.73
17.622902394,-0.318,-0.074,0.138,0.17,0.011,0.004,0.76,-4.57,-3.64
17.642787934,-0.317,-0.074,0.138,0.171,0.012,0.004,0.74,-4.63,-3.6
17.662805081,-0.314,-0.075,0.138,0.174,0.009,0,0.81,-4.72,-3.61
17.682817221,-0.31,-0.075,0.138,0.178,0.01,0,0.8,-4.88,-3.59
17.702877999,-0.307,-0.076,0.137,0.173,0.007,0.002,0.84,-4.91,-3.59
17.722841502,-0.303,-0.075,0.137,0.173,0.011,0.005,0.81,-4.86,-3.48
17.742759944,-0.301,-0.076,0.138,0.164,0.009,0.011,0.82,-4.67,-3.5
17.762750626,-0.297,-0.076,0.137,0.166,0.013,0.007,0.8,-4.44,-3.41
17.782704354,-0.294,-0.077,0.138,0.153,0.013,0.011,0.81,-3.86,-3.4
17.802743435,-0.291,-0.077,0.138,0.155,0.015,0.011,0.79,-3.55,-3.33
17.823067666,-0.289,-0.077,0.137,0.157,0.018,0.006,0.77,-3.4,-3.24
17.84299326,-0.284,-0.076,0.137,0.163,0.02,0,0.7,-3,-3.1
17.862794161,-0.282,-0.076,0.137,0.164,0.021,-0.001,0.68,-2.88,-3.08
17.883020878,-0.28,-0.078,0.138,0.158,0.009,0.006,0.76,-2.58,-3.15
17.902858258,-0.275,-0.078,0.138,0.159,0.009,0.003,0.79,-2.54,-3.05
17.923103095,-0.271,-0.078,0.137,0.16,0.011,0.002,0.82,-2.49,-2.93
17.942821265,-0.27,-0.079,0.138,0.151,0.007,0.005,0.91,-2.39,-2.91
17.962772847,-0.269,-0.079,0.138,0.151,0.008,0.004,0.94,-2.36,-2.88
17.982884884,-0.264,-0.079,0.137,0.155,0.01,0,0.99,-2.39,-2.8
18.002835513,-0.262,-0.079,0.138,0.143,0.01,0.01,1.04,-2.34,-2.81
18.022841216,-0.259,-0.079,0.138,0.148,0.01,0.005,1.07,-2.41,-2.75
18.042957306,-0.256,-0.08,0.139,0.14,0.01,0.011,1.08,-2.61,-2.78
18.06275034,-0.253,-0.08,0.138,0.142,0.009,0.005,1.1,-2.74,-2.74
18.082829476,-0.251,-0.081,0.139,0.134,0.008,0.01,1.14,-2.94,-2.85
18.102901221,-0.248,-0.081,0.138,0.134,0.009,0.005,1.14,-3.06,-2.8
18.122843028,-0.245,-0.08,0.138,0.13,0.013,0.003,1.14,-3.17,-2.74
18.142984391,-0.243,-0.081,0.138,0.125,0.013,0.002,1.17,-3.22,-2.79
18.162925244,-0.241,-0.082,0.139,0.117,0.015,0.008,1.18,-3.24,-2.89
18.182854891,-0.238,-0.081,0.138,0.122,0.017,0.002,1.16,-3.3,-2.83
18.202934266,-0.235,-0.081,0.138,0.123,0.021,-0.001,1.14,-3.34,-2.8
18.222898007,-0.235,-0.081,0.138,0.11,0.017,0.006,1.17,-3.26,-2.88
18.242849112,-0.233,-0.082,0.139,0.112,0.015,0.008,1.2,-3.32,-2.89
18.262774468,-0.231,-0.082,0.139,0.113,0.014,0.008,1.19,-3.39,-2.93
18.282940865,-0.229,-0.082,0.139,0.115,0.015,0.007,1.19,-3.42,-2.94
18.302823544,-0.227,-0.082,0.139,0.118,0.016,0.006,1.19,-3.53,-2.95
18.322690011,-0.223,-0.081,0.139,0.122,0.019,0.005,1.18,-3.78,-2.95
18.342772484,-0.222,-0.081,0.139,0.123,0.02,0.005,1.18,-3.86,-2.94
18.362806082,-0.221,-0.081,0.14,0.113,0.017,0.009,1.23,-4.01,-3.02
18.382926465,-0.217,-0.083,0.139,0.129,0.007,0.004,1.31,-4.24,-3
18.40285039,-0.215,-0.083,0.139,0.132,0.009,0.004,1.31,-4.31,-2.97
18.422785044,-0.213,-0.083,0.14,0.135,0.012,0.005,1.31,-4.46,-2.92
18.442810774,-0.21,-0.083,0.14,0.137,0.014,0.005,1.31,-4.54,-2.89
18.46275425,-0.206,-0.084,0.139,0.145,0.01,-0.001,1.37,-4.67,-2.83
18.482723952,-0.203,-0.084,0.138,0.144,0.01,-0.004,1.39,-4.71,-2.77
18.502897501,-0.198,-0.083,0.138,0.146,0.016,-0.005,1.37,-4.62,-2.59
18.522854329,-0.195,-0.083,0.137,0.145,0.019,-0.005,1.35,-4.46,-2.4
18.542847634,-0.195,-0.084,0.138,0.132,0.013,0.001,1.41,-4.12,-2.37
18.562807799,-0.193,-0.084,0.137,0.137,0.013,-0.002,1.41,-4.01,-2.24
18.582809449,-0.189,-0.084,0.137,0.138,0.018,-0.001,1.38,-3.6,-2.07
18.60278368,-0.187,-0.083,0.137,0.139,0.019,0,1.36,-3.45,-2.04
18.622848511,-0.184,-0.083,0.137,0.139,0.021,-0.002,1.32,-3.17,-1.97
18.642870427,-0.185,-0.084,0.14,0.115,0.013,0.017,1.33,-2.53,-2.02
18.662776232,-0.18,-0.084,0.139,0.132,0.008,0.008,1.34,-2.45,-1.91
18.682830096,-0.179,-0.085,0.14,0.127,0.007,0.014,1.34,-2.27,-2
18.702798129,-0.177,-0.085,0.141,0.128,0.007,0.018,1.32,-2.24,-2.11
18.722801209,-0.174,-0.085,0.141,0.126,0.008,0.018,1.29,-2.26,-2.25
18.7429564,-0.172,-0.085,0.14,0.136,0.007,0.005,1.3,-2.35,-2.17
18.762902499,-0.168,-0.085,0.139,0.132,0.004,0.001,1.31,-2.53,-2.3
18.782838345,-0.165,-0.086,0.139,0.131,0.004,0,1.33,-2.67,-2.3
18.802818776,-0.163,-0.086,0.139,0.128,0.006,0,1.35,-2.78,-2.31
18.823274613,-0.161,-0.086,0.14,0.122,0.008,0.006,1.37,-2.84,-2.36
18.842753172,-0.158,-0.086,0.14,0.125,0.007,0,1.4,-2.98,-2.31
18.862909079,-0.154,-0.086,0.138,0.128,0.01,-0.009,1.4,-3.09,-2.18
18.882835389,-0.15,-0.085,0.137,0.131,0.014,-0.013,1.4,-3.16,-2.04
18.902721882,-0.148,-0.085,0.137,0.135,0.017,-0.015,1.41,-3.23,-1.94
18.922865868,-0.148,-0.086,0.138,0.123,0.012,-0.004,1.47,-3.19,-1.96
18.94319129,-0.147,-0.086,0.139,0.119,0.014,0.004,1.47,-3.22,-2
18.962904931,-0.143,-0.087,0.139,0.131,0.009,0.003,1.52,-3.37,-1.95
18.983257771,-0.141,-0.087,0.14,0.133,0.011,0.008,1.52,-3.47,-1.98
19.002783061,-0.14,-0.087,0.14,0.133,0.012,0.009,1.52,-3.51,-1.96
19.022823811,-0.133,-0.087,0.139,0.15,0.012,0.002,1.52,-3.69,-1.92
19.042725802,-0.132,-0.087,0.14,0.142,0.013,0.009,1.51,-3.66,-1.97
19.062904597,-0.127,-0.087,0.138,0.153,0.017,-0.001,1.45,-3.73,-1.9
19.08274746,-0.124,-0.086,0.138,0.156,0.021,-0.001,1.37,-3.76,-1.93
19.102680207,-0.12,-0.086,0.137,0.165,0.025,-0.007,1.25,-3.9,-1.89
19.122714997,-0.118,-0.085,0.137,0.164,0.025,-0.006,1.21,-3.94,-1.93
19.14273429,-0.115,-0.085,0.137,0.166,0.025,-0.007,1.13,-4,-1.92
19.162786723,-0.113,-0.084,0.137,0.166,0.025,-0.006,1.09,-4.01,-1.94
19.183149815,-0.108,-0.084,0.137,0.163,0.024,-0.005,0.98,-3.9,-2.02
19.2027452,-0.105,-0.084,0.137,0.162,0.021,-0.002,0.97,-3.82,-1.98
19.223055602,-0.102,-0.083,0.137,0.163,0.023,-0.002,0.95,-3.73,-2.02
19.242892266,-0.098,-0.083,0.137,0.166,0.026,-0.003,0.92,-3.64,-2.05
19.262773753,-0.1,-0.087,0.137,0.132,0.006,0.007,1.06,-3.32,-2.15
19.282814026,-0.099,-0.087,0.139,0.126,0.008,0.015,1.02,-3.18,-2.27
19.302746773,-0.097,-0.087,0.14,0.125,0.009,0.019,0.96,-3.17,-2.4
19.32278061,-0.094,-0.086,0.14,0.123,0.01,0.02,0.93,-3.13,-2.52
19.342791796,-0.092,-0.086,0.14,0.125,0.009,0.018,0.93,-3.17,-2.62
19.362709046,-0.089,-0.086,0.141,0.126,0.01,0.016,0.91,-3.22,-2.7
19.382883072,-0.087,-0.086,0.141,0.128,0.009,0.014,0.93,-3.3,-2.76
19.402755261,-0.084,-0.086,0.141,0.132,0.011,0.011,0.92,-3.42,-2.82
19.42279315,-0.081,-0.086,0.141,0.133,0.012,0.008,0.93,-3.56,-2.9
19.442855359,-0.074,-0.089,0.141,0.154,-0.001,0.001,1.05,-3.83,-2.81
19.462809086,-0.071,-0.089,0.14,0.152,0,-0.004,1.07,-3.85,-2.74
19.48281622,-0.068,-0.09,0.139,0.152,0,-0.006,1.09,-3.79,-2.66
19.502844573,-0.063,-0.089,0.138,0.154,0,-0.012,1.14,-3.78,-2.51
19.522890807,-0.059,-0.089,0.137,0.154,0,-0.017,1.2,-3.72,-2.31
19.542874337,-0.058,-0.089,0.137,0.152,0,-0.016,1.22,-3.67,-2.25
19.562885047,-0.053,-0.089,0.136,0.152,0.001,-0.017,1.36,-3.44,-1.92
19.582861901,-0.053,-0.09,0.137,0.145,-0.001,-0.008,1.5,-3.16,-1.76
19.602878571,-0.049,-0.091,0.136,0.149,0,-0.011,1.59,-3,-1.52
19.622771264,-0.045,-0.091,0.135,0.152,0.003,-0.011,1.65,-2.83,-1.3
19.642784119,-0.045,-0.091,0.136,0.145,-0.001,0.003,1.79,-2.68,-1.1
19.662803412,-0.044,-0.091,0.138,0.136,-0.002,0.013,1.91,-2.54,-0.98
19.683645249,-0.041,-0.091,0.138,0.133,-0.001,0.012,2.04,-2.43,-0.78
19.70280099,-0.037,-0.092,0.137,0.146,-0.003,0.005,2.14,-2.5,-0.61
19.722777606,-0.032,-0.092,0.137,0.149,0.006,0,2.25,-2.47,-0.26
19.742872954,-0.032,-0.093,0.138,0.14,0.006,0.005,2.37,-2.36,-0.11
19.76284504,-0.03,-0.094,0.138,0.14,0.008,0.007,2.44,-2.38,0.06
19.782868147,-0.028,-0.093,0.139,0.135,0.011,0.012,2.47,-2.28,0.11
19.802884102,-0.023,-0.094,0.138,0.152,0.011,0.002,2.52,-2.41,0.29
19.82277298,-0.019,-0.093,0.138,0.159,0.016,-0.003,2.54,-2.6,0.43
19.842817069,-0.019,-0.094,0.138,0.157,0.014,-0.001,2.61,-2.76,0.48
19.862814904,-0.017,-0.093,0.139,0.155,0.016,0.005,2.63,-3.01,0.44
19.882734538,-0.014,-0.093,0.139,0.162,0.019,0.004,2.64,-3.29,0.45
19.903110743,-0.007,-0.093,0.138,0.184,0.019,-0.006,2.67,-3.77,0.53
19.923044682,-0.007,-0.094,0.139,0.17,0.016,0.006,2.7,-3.88,0.5
19.942789794,-0.003,-0.094,0.139,0.176,0.016,0.004,2.72,-4.14,0.51
19.962741852,0.001,-0.094,0.137,0.181,0.02,-0.003,2.68,-4.27,0.58
19.982772351,0.002,-0.094,0.137,0.182,0.019,-0.002,2.65,-4.35,0.6
20.002962113,0.006,-0.094,0.137,0.187,0.021,-0.003,2.6,-4.48,0.59
20.022803307,0.009,-0.094,0.137,0.195,0.02,-0.002,2.58,-4.65,0.55
20.042863608,0.015,-0.094,0.136,0.209,0.022,-0.01,2.54,-4.91,0.59
20.062757493,0.019,-0.093,0.136,0.21,0.024,-0.007,2.5,-5.11,0.52
20.082802773,0.02,-0.094,0.138,0.192,0.02,0.01,2.49,-5.07,0.45
20.102826119,0.024,-0.093,0.138,0.19,0.021,0.01,2.44,-5.06,0.43
20.122790337,0.026,-0.093,0.138,0.193,0.023,0.009,2.4,-5.03,0.46
20.142828703,0.032,-0.093,0.136,0.216,0.024,-0.007,2.39,-5.07,0.59
20.162802458,0.036,-0.093,0.138,0.211,0.019,0.003,2.4,-4.74,0.66
20.182713986,0.039,-0.093,0.138,0.222,0.017,0.003,2.41,-4.56,0.72
20.202780247,0.044,-0.093,0.138,0.224,0.021,0.007,2.37,-4.39,0.75
20.222739935,0.048,-0.093,0.138,0.233,0.022,0.007,2.36,-4.23,0.79
20.24279809,0.052,-0.093,0.138,0.232,0.022,0.008,2.3,-3.98,0.83
20.262805224,0.059,-0.093,0.137,0.239,0.021,0.003,2.27,-3.75,0.94
20.282758713,0.061,-0.093,0.137,0.234,0.018,0.011,2.28,-3.52,0.96
20.302708149,0.064,-0.093,0.138,0.226,0.02,0.017,2.29,-3.21,0.98
20.322669268,0.067,-0.093,0.138,0.225,0.023,0.018,2.29,-3.09,1.02
20.342721701,0.073,-0.092,0.139,0.222,0.03,0.01,2.25,-2.6,1.08
20.362751246,0.08,-0.091,0.137,0.237,0.037,-0.007,2.17,-2.42,1.11
20.382720471,0.08,-0.092,0.139,0.214,0.029,0.003,2.17,-2.05,1.04
20.402701617,0.083,-0.091,0.14,0.21,0.03,0.011,2.09,-1.81,0.92
20.422744275,0.091,-0.091,0.138,0.226,0.035,-0.004,1.96,-1.78,0.87
20.442716122,0.095,-0.09,0.138,0.229,0.042,-0.004,1.8,-1.72,0.72
20.462744475,0.101,-0.089,0.137,0.236,0.049,-0.009,1.6,-1.76,0.6
20.48276496,0.101,-0.09,0.138,0.213,0.032,0.006,1.56,-1.68,0.34
20.502764702,0.105,-0.09,0.138,0.209,0.024,0.007,1.52,-1.71,0.14
20.52267027,0.108,-0.089,0.139,0.201,0.025,0.012,1.44,-1.67,-0.09
20.542724371,0.117,-0.09,0.138,0.204,0.024,0.003,1.38,-1.72,-0.11
20.562793017,0.122,-0.089,0.138,0.199,0.028,0.005,1.32,-1.61,-0.23
20.582794905,0.125,-0.088,0.138,0.193,0.031,0.005,1.22,-1.4,-0.37
20.602788926,0.125,-0.089,0.14,0.156,0.023,0.023,1.18,-0.94,-0.57
20.622965098,0.127,-0.089,0.142,0.145,0.016,0.032,1.15,-0.73,-0.68
20.642817498,0.13,-0.089,0.142,0.139,0.011,0.035,1.17,-0.59,-0.79
20.662776709,0.133,-0.088,0.143,0.134,0.01,0.034,1.2,-0.46,-0.93
20.682825566,0.136,-0.088,0.143,0.132,0.015,0.026,1.22,-0.34,-1.07
20.702948332,0.139,-0.088,0.144,0.128,0.021,0.024,1.2,-0.2,-1.16
20.723001481,0.142,-0.088,0.144,0.126,0.028,0.018,1.16,-0.1,-1.35
20.742863417,0.145,-0.087,0.143,0.126,0.028,0.012,1.1,-0.05,-1.52
20.762845278,0.147,-0.087,0.143,0.122,0.025,0.004,1.08,-0.03,-1.67
20.782722474,0.15,-0.086,0.142,0.12,0.022,0,1.09,-0.07,-1.82
20.802757741,0.153,-0.086,0.142,0.116,0.02,-0.003,1.11,-0.19,-1.94
20.822685957,0.155,-0.086,0.142,0.114,0.02,-0.007,1.16,-0.41,-2.01
20.842710019,0.157,-0.086,0.141,0.107,0.024,-0.011,1.2,-0.62,-2.09
20.862790108,0.159,-0.085,0.141,0.103,0.027,-0.014,1.2,-0.81,-2.14
20.882747651,0.162,-0.085,0.14,0.097,0.028,-0.015,1.22,-1.05,-2.16
20.902952672,0.163,-0.085,0.14,0.09,0.029,-0.018,1.24,-1.21,-2.19
20.922800303,0.165,-0.084,0.139,0.085,0.029,-0.019,1.25,-1.4,-2.18
20.942840577,0.166,-0.084,0.139,0.081,0.03,-0.019,1.28,-1.44,-2.17
20.963508368,0.168,-0.083,0.138,0.08,0.031,-0.023,1.33,-1.65,-2.14
20.982817174,0.17,-0.083,0.138,0.076,0.034,-0.024,1.34,-1.83,-2.14
21.002831698,0.172,-0.082,0.137,0.08,0.035,-0.026,1.35,-2.05,-2.11
21.022885561,0.173,-0.082,0.136,0.077,0.036,-0.027,1.36,-2.25,-2.09
21.042808056,0.175,-0.081,0.136,0.079,0.038,-0.028,1.37,-2.46,-2.07
21.062851191,0.176,-0.081,0.136,0.079,0.038,-0.028,1.38,-2.59,-2.07
21.082921029,0.178,-0.08,0.135,0.081,0.04,-0.03,1.4,-2.84,-2.06
21.102743149,0.18,-0.08,0.134,0.084,0.042,-0.031,1.4,-3.02,-2.07
21.122771025,0.181,-0.079,0.134,0.085,0.043,-0.031,1.4,-3.17,-2.07
21.142771245,0.183,-0.078,0.133,0.086,0.044,-0.033,1.41,-3.24,-2.11
21.16283846,0.185,-0.078,0.132,0.092,0.046,-0.032,1.4,-3.37,-2.13
21.182812691,0.187,-0.077,0.132,0.095,0.048,-0.031,1.4,-3.47,-2.15
21.202824832,0.189,-0.076,0.131,0.096,0.052,-0.03,1.37,-3.47,-2.14
21.222754956,0.191,-0.075,0.131,0.098,0.057,-0.03,1.33,-3.46,-2.16
21.24275589,0.193,-0.073,0.13,0.1,0.061,-0.03,1.31,-3.42,-2.17
21.262884617,0.195,-0.072,0.129,0.104,0.064,-0.029,1.28,-3.42,-2.15
21.282877207,0.197,-0.071,0.129,0.101,0.066,-0.027,1.24,-3.32,-2.14
21.302824975,0.199,-0.069,0.128,0.105,0.066,-0.027,1.22,-3.22,-2.1
21.322870493,0.201,-0.068,0.128,0.103,0.068,-0.027,1.21,-3.08,-2.05
21.342749119,0.203,-0.067,0.127,0.107,0.07,-0.028,1.22,-2.93,-1.99
21.362738848,0.205,-0.065,0.127,0.103,0.074,-0.028,1.22,-2.71,-1.91
21.382843256,0.207,-0.064,0.126,0.104,0.077,-0.027,1.23,-2.43,-1.85
21.402764798,0.209,-0.062,0.125,0.106,0.08,-0.026,1.23,-2.16,-1.77
21.42272997,0.212,-0.061,0.125,0.105,0.083,-0.026,1.21,-1.9,-1.71
21.442822934,0.214,-0.059,0.124,0.107,0.087,-0.026,1.2,-1.65,-1.65
21.462758065,0.216,-0.057,0.124,0.104,0.092,-0.025,1.18,-1.47,-1.58
21.482795239,0.218,-0.055,0.123,0.103,0.096,-0.024,1.19,-1.31,-1.55
21.50280571,0.22,-0.053,0.123,0.1,0.101,-0.024,1.16,-1.22,-1.54
21.522916079,0.222,-0.051,0.122,0.096,0.104,-0.025,1.15,-1.13,-1.54
21.542848111,0.224,-0.049,0.122,0.092,0.107,-0.026,1.12,-1.05,-1.54
21.562776328,0.221,-0.059,0.118,0.07,0.078,-0.04,1.31,-0.86,-1.55
21.582855702,0.224,-0.059,0.118,0.071,0.08,-0.041,1.31,-0.86,-1.57
21.603306771,0.226,-0.059,0.118,0.071,0.081,-0.042,1.31,-0.86,-1.6
21.622792006,0.229,-0.059,0.118,0.073,0.082,-0.044,1.3,-0.9,-1.67
21.642806769,0.231,-0.059,0.118,0.073,0.083,-0.044,1.31,-1.01,-1.74
21.662837506,0.233,-0.059,0.118,0.072,0.082,-0.045,1.3,-1.14,-1.83
21.682916403,0.236,-0.059,0.119,0.073,0.081,-0.046,1.28,-1.33,-1.98
21.702793122,0.238,-0.06,0.119,0.071,0.079,-0.046,1.26,-1.5,-2.14
21.72288251,0.24,-0.061,0.119,0.068,0.078,-0.045,1.23,-1.68,-2.28
21.742875815,0.243,-0.061,0.12,0.066,0.077,-0.045,1.2,-1.81,-2.42
21.762967825,0.245,-0.062,0.12,0.065,0.076,-0.045,1.16,-1.9,-2.58
21.782732487,0.288,-0.133,0.174,0.119,-0.021,0.018,1.46,-2.19,-2.58
21.802844763,0.291,-0.136,0.176,0.117,-0.023,0.019,1.42,-2.22,-2.76
21.823165417,0.294,-0.137,0.177,0.114,-0.025,0.022,1.39,-2.31,-2.95
21.843081952,0.295,-0.138,0.178,0.107,-0.025,0.024,1.36,-2.32,-3
21.862809182,0.297,-0.138,0.178,0.107,-0.025,0.024,1.32,-2.35,-3.08
21.882894278,0.298,-0.138,0.178,0.101,-0.024,0.024,1.3,-2.38,-3.13
21.903081656,0.301,-0.139,0.179,0.095,-0.023,0.025,1.26,-2.41,-3.2
21.922737122,0.303,-0.14,0.18,0.09,-0.021,0.026,1.25,-2.38,-3.21
21.942909003,0.305,-0.14,0.18,0.085,-0.02,0.026,1.25,-2.36,-3.16
21.962705851,0.306,-0.141,0.181,0.077,-0.02,0.026,1.26,-2.29,-3.12
21.982793332,0.308,-0.142,0.182,0.073,-0.021,0.025,1.26,-2.23,-3.2
22.002798796,0.309,-0.143,0.182,0.066,-0.021,0.025,1.27,-2.17,-3.26
22.022786379,0.31,-0.143,0.183,0.063,-0.02,0.024,1.29,-2.14,-3.27
22.04289341,0.312,-0.144,0.183,0.054,-0.018,0.022,1.28,-2.09,-3.2
22.062853098,0.313,-0.145,0.184,0.047,-0.015,0.021,1.31,-2.07,-3.22
22.082826615,0.314,-0.145,0.184,0.042,-0.014,0.022,1.34,-2.09,-3.14
22.102965117,0.314,-0.146,0.185,0.036,-0.01,0.021,1.3,-2.08,-3.09
22.122882367,0.315,-0.146,0.185,0.035,-0.01,0.02,1.3,-2.13,-3.09
22.142919064,0.315,-0.147,0.185,0.029,-0.012,0.018,1.32,-2.22,-3.28
22.162801266,0.316,-0.147,0.185,0.022,-0.008,0.015,1.32,-2.42,-3.48
22.182760001,0.316,-0.147,0.186,0.013,-0.004,0.016,1.31,-2.48,-3.52
22.202827216,0.317,-0.147,0.186,0.008,0,0.016,1.29,-2.47,-3.52
22.222863675,0.317,-0.147,0.186,0.006,0,0.016,1.28,-2.49,-3.38
22.242914677,0.317,-0.147,0.186,0.002,0.003,0.016,1.25,-2.46,-3.22
22.262729884,0.29,-0.092,0.141,-0.05,0.139,-0.102,0.53,-2.24,-3.05
22.28329897,0.291,-0.089,0.138,-0.046,0.147,-0.113,0.48,-2.33,-2.82
22.302826643,0.29,-0.086,0.135,-0.044,0.152,-0.114,0.46,-2.47,-2.69
22.322954894,0.29,-0.088,0.134,-0.028,0.114,-0.094,0.74,-2.82,-2.54
22.342743636,0.286,-0.087,0.134,-0.014,0.093,-0.068,0.87,-3.36,-2.41
22.362933159,0.286,-0.089,0.135,0.002,0.075,-0.054,1.01,-3.87,-2.38
22.382808209,0.286,-0.089,0.135,0.002,0.075,-0.054,1.01,-3.87,-2.38
22.403124333,0.287,-0.089,0.135,0.026,0.066,-0.047,1.09,-4.66,-2.33
22.422825814,0.293,-0.089,0.134,0.05,0.057,-0.046,1.13,-5.27,-2.23
22.442796231,0.295,-0.088,0.134,0.066,0.053,-0.042,1.16,-5.82,-2.24
22.462815047,0.296,-0.088,0.134,0.065,0.05,-0.03,1.22,-6.12,-2.29
22.482851744,0.296,-0.089,0.134,0.077,0.035,-0.022,1.34,-6.41,-2.38
22.502692223,0.297,-0.089,0.134,0.081,0.037,-0.02,1.33,-6.65,-2.44
22.523391247,0.299,-0.088,0.134,0.089,0.035,-0.011,1.39,-6.83,-2.48
22.542734385,0.299,-0.09,0.135,0.088,0.022,-0.001,1.49,-6.9,-2.45
22.562826157,0.3,-0.09,0.135,0.096,0.022,0.002,1.48,-7.03,-2.38
22.58282733,0.302,-0.09,0.135,0.095,0.024,0.004,1.5,-6.96,-2.32
22.602831126,0.304,-0.089,0.135,0.093,0.025,0.004,1.51,-6.84,-2.29
22.62272358,0.303,-0.091,0.136,0.093,0.017,0.006,1.59,-6.73,-2.23
22.643001318,0.301,-0.091,0.137,0.091,0.015,0.012,1.6,-6.53,-2.24
22.662765742,0.3,-0.091,0.139,0.083,0.017,0.018,1.59,-6.28,-2.26
22.682779789,0.301,-0.09,0.139,0.08,0.018,0.021,1.58,-6.05,-2.33
22.702973128,0.301,-0.09,0.14,0.077,0.019,0.021,1.56,-5.91,-2.39
22.722720862,0.307,-0.09,0.139,0.104,0.015,0.006,1.58,-5.98,-2.41
22.742732764,0.31,-0.089,0.138,0.11,0.021,-0.001,1.54,-6,-2.4
22.762764216,0.312,-0.089,0.138,0.112,0.023,-0.001,1.54,-6.01,-2.48
22.782785416,0.314,-0.088,0.138,0.115,0.026,-0.004,1.51,-6.04,-2.55
22.802837849,0.316,-0.087,0.138,0.119,0.028,-0.005,1.49,-6.07,-2.63
22.822819233,0.318,-0.087,0.138,0.122,0.031,-0.005,1.47,-6.2,-2.73
22.842715502,0.318,-0.086,0.138,0.107,0.031,0,1.48,-6.17,-2.8
22.862783194,0.316,-0.092,0.136,0.091,0.001,-0.01,1.7,-6.19,-2.9
22.882771016,0.316,-0.093,0.136,0.098,-0.003,-0.007,1.75,-6.36,-3
22.90313387,0.318,-0.092,0.136,0.097,-0.001,-0.01,1.73,-6.44,-2.99
22.9229033,0.316,-0.093,0.137,0.099,-0.003,-0.002,1.74,-6.59,-3.24
22.942767859,0.318,-0.093,0.137,0.105,-0.003,-0.002,1.71,-6.74,-3.33
22.962710858,0.32,-0.093,0.137,0.108,-0.001,-0.002,1.68,-6.87,-3.43
22.982946396,0.325,-0.093,0.135,0.128,0,-0.011,1.65,-7.12,-3.48
23.002677203,0.327,-0.093,0.135,0.135,0.001,-0.011,1.63,-7.26,-3.57
23.022877694,0.329,-0.093,0.135,0.132,0.004,-0.011,1.58,-7.28,-3.58
23.042815686,0.331,-0.093,0.134,0.135,0.006,-0.01,1.57,-7.26,-3.59
23.062733174,0.333,-0.093,0.134,0.137,0.006,-0.009,1.55,-7.26,-3.55
23.08277607,0.33,-0.093,0.136,0.13,0.001,0.001,1.59,-7.14,-3.62
23.102738143,0.33,-0.093,0.137,0.127,0.003,0.01,1.58,-7.05,-3.67
23.122879982,0.332,-0.093,0.138,0.132,0.004,0.011,1.57,-6.97,-3.64
23.14281416,0.335,-0.093,0.138,0.137,0.003,0.011,1.58,-6.88,-3.56
23.162985564,0.338,-0.093,0.138,0.144,0.003,0.01,1.61,-6.77,-3.47
23.182844401,0.339,-0.095,0.138,0.157,-0.006,0.008,1.76,-6.71,-3.33
23.20297575,0.346,-0.095,0.137,0.171,-0.006,0.001,1.83,-6.71,-3.13
23.222843886,0.35,-0.095,0.137,0.179,-0.003,0.001,1.87,-6.63,-2.96
23.243188859,0.348,-0.097,0.139,0.163,-0.01,0.014,1.99,-6.38,-2.87
23.262844325,0.351,-0.097,0.139,0.174,-0.006,0.012,2,-6.4,-2.74
23.282783747,0.353,-0.097,0.138,0.188,-0.003,0.005,2.01,-6.58,-2.58
23.302736521,0.356,-0.097,0.138,0.196,0,0.001,2.02,-6.76,-2.47
23.32288456,0.359,-0.097,0.139,0.201,0.001,0.006,2,-6.99,-2.42
23.342735291,0.367,-0.097,0.137,0.213,0.006,-0.001,1.96,-7.24,-2.26
23.362746001,0.371,-0.097,0.137,0.22,0.009,0,1.92,-7.35,-2.2
23.382804156,0.376,-0.096,0.137,0.227,0.013,0,1.85,-7.38,-2.15
23.402800322,0.38,-0.096,0.137,0.236,0.017,-0.002,1.75,-7.38,-2.12
23.422846795,0.384,-0.095,0.136,0.235,0.026,-0.01,1.62,-7.28,-2.02
23.442746878,0.388,-0.094,0.136,0.24,0.028,-0.012,1.53,-7.09,-1.91
23.462830306,0.392,-0.093,0.136,0.251,0.028,-0.013,1.47,-6.95,-1.75
23.482791901,0.396,-0.093,0.136,0.256,0.027,-0.01,1.41,-6.75,-1.64
23.502754689,0.402,-0.092,0.136,0.266,0.027,-0.008,1.37,-6.55,-1.53
23.522706748,0.407,-0.092,0.135,0.27,0.026,-0.001,1.38,-6.31,-1.36
23.542741776,0.412,-0.091,0.135,0.275,0.028,0.004,1.4,-5.95,-1.17
23.562794924,0.409,-0.095,0.136,0.221,0.009,0.021,1.58,-5.16,-1.06
23.582730055,0.411,-0.095,0.138,0.209,0.012,0.026,1.57,-4.56,-0.95
23.602750779,0.414,-0.094,0.139,0.212,0.008,0.023,1.58,-4.16,-0.88
23.622756243,0.418,-0.094,0.139,0.208,0.013,0.022,1.59,-3.71,-0.83
23.642911912,0.423,-0.094,0.14,0.21,0.028,0.022,1.47,-3.27,-0.84
23.662729025,0.427,-0.093,0.14,0.217,0.036,0.015,1.32,-2.91,-0.87
23.682738066,0.432,-0.093,0.139,0.228,0.035,0,1.25,-2.68,-0.95
23.702709675,0.441,-0.097,0.14,0.26,0.011,-0.003,1.37,-2.65,-0.83
23.722731114,0.446,-0.096,0.139,0.265,0.009,0,1.34,-2.48,-0.71
23.742818118,0.451,-0.097,0.139,0.269,0.008,0.003,1.35,-2.45,-0.63
23.762740374,0.457,-0.097,0.139,0.266,0.012,-0.007,1.33,-2.31,-0.52
23.782921315,0.462,-0.096,0.138,0.268,0.017,-0.016,1.22,-2.13,-0.46
23.80278802,0.465,-0.096,0.139,0.264,0.016,-0.002,1.14,-1.98,-0.48
23.822781325,0.476,-0.095,0.137,0.272,0.013,-0.003,1.13,-2.03,-0.34
23.842837811,0.481,-0.095,0.137,0.266,0.011,0,1.19,-1.92,-0.26
23.862735749,0.484,-0.095,0.138,0.257,0.018,0.001,1.2,-1.79,-0.18
23.882717133,0.491,-0.094,0.137,0.253,0.026,-0.001,1.15,-1.68,-0.08
23.902710677,0.497,-0.093,0.137,0.245,0.03,-0.006,1.08,-1.44,0.01
23.92283845,0.501,-0.093,0.136,0.24,0.03,-0.012,1.03,-1.21,0.09
23.942758322,0.5,-0.093,0.137,0.234,0.022,-0.005,1.05,-0.98,0.1
23.962909461,0.504,-0.093,0.138,0.237,0.016,-0.001,1.08,-0.87,0.13
23.982831479,0.513,-0.093,0.137,0.244,0.013,-0.006,1.11,-0.83,0.22
24.002933264,0.517,-0.093,0.137,0.244,0.011,-0.007,1.18,-0.77,0.26
24.022773505,0.522,-0.093,0.137,0.242,0.011,-0.007,1.26,-0.8,0.32
24.042770863,0.526,-0.093,0.137,0.231,0.015,-0.004,1.33,-0.77,0.45
24.062762261,0.524,-0.094,0.138,0.202,0.007,0.004,1.49,-0.66,0.49
24.082808257,0.528,-0.094,0.138,0.199,0.012,0.005,1.54,-0.78,0.61
24.102818013,0.531,-0.095,0.138,0.208,0.009,0.006,1.64,-1.02,0.72
24.122823954,0.539,-0.095,0.138,0.212,0.013,0.001,1.67,-1.23,0.89
24.142723322,0.544,-0.094,0.137,0.209,0.018,-0.001,1.68,-1.36,1.08
24.162775994,0.548,-0.094,0.137,0.199,0.02,-0.003,1.71,-1.44,1.25
24.18274498,0.552,-0.093,0.137,0.197,0.023,-0.004,1.74,-1.52,1.37
24.202760458,0.554,-0.093,0.137,0.188,0.027,-0.001,1.74,-1.58,1.53
24.222769976,0.557,-0.092,0.137,0.183,0.032,0.001,1.73,-1.65,1.65
24.242697239,0.56,-0.092,0.138,0.181,0.035,0.001,1.69,-1.81,1.77
24.262830496,0.563,-0.091,0.138,0.178,0.037,0.002,1.66,-2,1.84
24.283068657,0.567,-0.09,0.138,0.176,0.036,0.003,1.63,-2.18,1.92
24.302764655,0.57,-0.09,0.139,0.174,0.034,0.008,1.63,-2.4,1.98
24.322794915,0.573,-0.089,0.139,0.171,0.034,0.011,1.62,-2.58,2.07
24.342752457,0.576,-0.089,0.14,0.167,0.032,0.012,1.64,-2.73,2.15
24.362694026,0.579,-0.088,0.14,0.166,0.031,0.013,1.65,-2.84,2.21
24.382719279,0.582,-0.088,0.14,0.165,0.031,0.015,1.68,-2.97,2.32
24.402759076,0.586,-0.087,0.141,0.166,0.031,0.017,1.73,-3.05,2.43
24.422794104,0.589,-0.086,0.141,0.165,0.034,0.019,1.75,-3.09,2.54
24.442710162,0.592,-0.086,0.142,0.161,0.037,0.021,1.77,-3.06,2.65
24.462698699,0.595,-0.085,0.143,0.16,0.04,0.022,1.77,-2.96,2.79
24.482706786,0.596,-0.085,0.143,0.159,0.041,0.023,1.77,-2.91,2.85
24.502808571,0.599,-0.084,0.144,0.159,0.046,0.025,1.75,-2.87,2.96
24.522779227,0.593,-0.094,0.136,0.131,0.014,0.01,1.95,-2.68,2.91
24.542727471,0.602,-0.094,0.135,0.141,0.015,0.009,1.92,-2.78,2.97
24.562702179,0.606,-0.094,0.135,0.143,0.017,0.006,1.88,-2.87,3.04
24.582703352,0.609,-0.093,0.135,0.144,0.019,0.004,1.84,-2.91,3.09
24.602803946,0.612,-0.093,0.135,0.146,0.02,0.002,1.82,-2.99,3.17
24.622804165,0.615,-0.092,0.135,0.146,0.02,0,1.82,-3.01,3.26
24.642834187,0.618,-0.092,0.135,0.149,0.022,-0.001,1.81,-3.04,3.35
24.662794114,0.621,-0.092,0.135,0.152,0.024,-0.001,1.8,-3.04,3.45
24.68287468,0.624,-0.091,0.135,0.157,0.026,-0.001,1.8,-3.1,3.53
24.702739954,0.628,-0.091,0.135,0.162,0.028,0,1.81,-3.17,3.62
24.722875834,0.631,-0.09,0.135,0.167,0.028,0.001,1.83,-3.35,3.73
24.742736578,0.635,-0.09,0.136,0.171,0.028,0.003,1.88,-3.55,3.84
24.762886763,0.638,-0.089,0.136,0.175,0.03,0.006,1.92,-3.8,3.97
24.782856703,0.642,-0.089,0.136,0.176,0.033,0.008,1.96,-4.04,4.08
24.802850962,0.646,-0.088,0.136,0.176,0.036,0.01,1.97,-4.24,4.19
24.822863102,0.649,-0.087,0.137,0.178,0.039,0.011,1.98,-4.42,4.29
24.842725993,0.645,-0.091,0.135,0.156,0.021,0.013,2.11,-4.38,4.3
24.86281705,0.648,-0.092,0.136,0.159,0.017,0.021,2.16,-4.47,4.33
24.882957459,0.649,-0.091,0.137,0.151,0.021,0.025,2.11,-4.38,4.34
24.902964831,0.661,-0.091,0.136,0.171,0.022,0.02,2.11,-4.41,4.43
24.922903777,0.666,-0.09,0.135,0.176,0.029,0.013,2.03,-4.31,4.51
24.942902089,0.67,-0.089,0.135,0.179,0.033,0.009,1.93,-4.12,4.59
24.962793351,0.665,-0.089,0.135,0.165,0.026,0.012,1.92,-3.81,4.55
24.982754946,0.675,-0.089,0.135,0.178,0.022,0.008,1.91,-3.67,4.65
25.003366709,0.679,-0.089,0.135,0.179,0.02,0.008,1.9,-3.46,4.74
25.022828103,0.684,-0.088,0.135,0.185,0.022,0.004,1.9,-3.23,4.83
25.042815686,0.679,-0.089,0.136,0.146,0.014,0.014,1.97,-2.67,4.83
25.063092948,0.682,-0.089,0.136,0.149,0.014,0.016,2.02,-2.46,4.93
25.082698823,0.686,-0.09,0.136,0.175,0.007,0.013,2.12,-2.51,4.93
25.102747202,0.69,-0.09,0.136,0.181,0.007,0.008,2.19,-2.46,4.91
25.122787238,0.694,-0.09,0.136,0.183,0.01,0.004,2.21,-2.44,4.9
25.14277792,0.698,-0.09,0.136,0.187,0.011,0.005,2.24,-2.48,4.91
25.162758589,0.699,-0.09,0.137,0.179,0.012,0.011,2.26,-2.47,4.88
25.182797671,0.711,-0.089,0.135,0.196,0.018,0.004,2.29,-2.62,5
25.202848673,0.717,-0.088,0.134,0.197,0.025,0.001,2.29,-2.61,5.13
25.222754241,0.721,-0.088,0.135,0.194,0.027,0.002,2.31,-2.54,5.22
25.242776394,0.724,-0.087,0.134,0.188,0.032,-0.003,2.3,-2.42,5.35
25.262987614,0.719,-0.087,0.135,0.168,0.023,0.002,2.37,-2.18,5.37
25.282740117,0.729,-0.087,0.134,0.182,0.022,-0.002,2.41,-2.17,5.47
25.30274725,0.734,-0.087,0.134,0.185,0.026,-0.006,2.41,-2.12,5.53
25.322743178,0.729,-0.087,0.135,0.144,0.021,0,2.43,-1.77,5.44
25.342751503,0.73,-0.087,0.135,0.135,0.025,0.004,2.4,-1.64,5.36
25.362873793,0.733,-0.086,0.135,0.138,0.03,0.005,2.36,-1.65,5.37
25.382862092,0.736,-0.085,0.136,0.141,0.034,0.008,2.32,-1.75,5.25
25.40273285,0.739,-0.085,0.136,0.142,0.036,0.009,2.28,-1.85,5.14
25.423173905,0.746,-0.087,0.137,0.161,0.023,0.011,2.36,-2.07,5.09
25.44290495,0.748,-0.086,0.137,0.153,0.021,0.013,2.33,-2.03,5
25.462944508,0.76,-0.085,0.136,0.168,0.025,0.005,2.29,-2.17,5.05
25.482944251,0.756,-0.086,0.137,0.135,0.019,0.012,2.29,-1.91,4.96
25.502805472,0.759,-0.086,0.137,0.13,0.019,0.012,2.26,-1.82,4.95
25.522765637,0.76,-0.085,0.137,0.115,0.02,0.013,2.24,-1.65,4.83
25.542731286,0.765,-0.085,0.137,0.129,0.017,0.005,2.25,-1.63,4.8
25.562793971,0.768,-0.085,0.136,0.126,0.016,0.001,2.25,-1.5,4.76
25.58294797,0.77,-0.085,0.136,0.125,0.016,0,2.27,-1.39,4.76
25.602903605,0.78,-0.084,0.135,0.152,0.02,-0.011,2.28,-1.52,4.82
25.622726918,0.776,-0.084,0.135,0.14,0.021,-0.008,2.3,-1.39,4.78
25.642724991,0.779,-0.083,0.135,0.139,0.025,-0.008,2.29,-1.43,4.79
25.662741185,0.781,-0.083,0.135,0.137,0.03,-0.008,2.28,-1.48,4.77
25.682766915,0.784,-0.082,0.135,0.137,0.033,-0.009,2.24,-1.59,4.76
25.702759266,0.786,-0.083,0.135,0.163,0.028,-0.005,2.27,-1.87,4.77
25.72277093,0.788,-0.083,0.135,0.165,0.024,-0.003,2.29,-2,4.74
25.742796183,0.799,-0.082,0.134,0.173,0.026,-0.007,2.28,-2.21,4.8
25.762730837,0.794,-0.083,0.135,0.141,0.021,0.001,2.32,-2.09,4.74
25.782902718,0.804,-0.082,0.134,0.154,0.024,-0.004,2.31,-2.35,4.82
25.802776337,0.798,-0.082,0.136,0.117,0.021,0.006,2.33,-2.14,4.75
25.822798253,0.798,-0.082,0.136,0.107,0.023,0.01,2.3,-2.16,4.68
25.842777968,0.802,-0.082,0.136,0.114,0.022,0.007,2.32,-2.28,4.74
25.862752915,0.802,-0.082,0.137,0.102,0.024,0.01,2.31,-2.23,4.69
25.882796288,0.804,-0.081,0.137,0.098,0.028,0.011,2.27,-2.24,4.63
25.903019667,0.816,-0.08,0.136,0.121,0.035,0.001,2.22,-2.39,4.74
25.922760249,0.818,-0.079,0.136,0.12,0.038,0,2.19,-2.39,4.73
25.943470955,0.821,-0.079,0.136,0.117,0.039,0,2.15,-2.41,4.7
25.962809563,0.815,-0.079,0.135,0.096,0.031,-0.002,2.18,-2.25,4.65
25.982747317,0.824,-0.078,0.134,0.108,0.032,-0.006,2.15,-2.33,4.64
26.002788067,0.827,-0.078,0.134,0.107,0.033,-0.008,2.13,-2.36,4.63
26.02290082,0.82,-0.078,0.135,0.061,0.023,0,2.16,-2.03,4.49
26.042775155,0.829,-0.078,0.134,0.077,0.023,-0.002,2.17,-2.15,4.5
26.062949896,0.83,-0.078,0.134,0.073,0.024,-0.002,2.16,-2.15,4.45
26.082729579,0.832,-0.077,0.134,0.071,0.026,-0.002,2.15,-2.2,4.43
26.102680445,0.825,-0.078,0.135,0.05,0.016,0.005,2.21,-2.12,4.34
26.122714758,0.826,-0.079,0.135,0.049,0.012,0.007,2.23,-2.16,4.28
26.142700673,0.825,-0.078,0.136,0.038,0.014,0.01,2.22,-2.2,4.15
26.162971259,0.835,-0.078,0.135,0.056,0.016,0.005,2.23,-2.45,4.16
26.183215619,0.829,-0.079,0.136,0.021,0.01,0.01,2.23,-2.32,4.05
26.202748538,0.83,-0.079,0.136,0.024,0.011,0.007,2.22,-2.46,4
26.222763539,0.829,-0.079,0.137,0.016,0.011,0.01,2.23,-2.54,3.89
26.242812872,0.839,-0.078,0.135,0.039,0.017,0.003,2.19,-2.91,3.93
26.263234377,0.832,-0.079,0.137,-0.001,0.011,0.009,2.21,-2.76,3.86
26.282828808,0.831,-0.079,0.137,-0.008,0.012,0.01,2.2,-2.81,3.72
26.302765131,0.831,-0.078,0.137,-0.007,0.014,0.009,2.18,-2.99,3.68
26.322759867,0.835,-0.079,0.137,0.022,0.013,0.002,2.21,-3.38,3.6
26.342734814,0.843,-0.078,0.135,0.039,0.02,-0.006,2.18,-3.57,3.65
26.362718583,0.844,-0.077,0.135,0.042,0.023,-0.007,2.17,-3.76,3.73
26.382755042,0.836,-0.078,0.136,-0.012,0.015,0,2.2,-3.51,3.69
26.402740717,0.845,-0.077,0.135,0.013,0.017,-0.007,2.19,-3.86,3.62
26.423251153,0.838,-0.078,0.135,0.004,0.014,-0.006,2.22,-3.91,3.45
26.442752362,0.846,-0.077,0.134,0.02,0.018,-0.01,2.21,-4.23,3.46
26.462763787,0.848,-0.077,0.134,0.022,0.02,-0.011,2.2,-4.42,3.41
26.482831955,0.849,-0.076,0.133,0.027,0.022,-0.012,2.19,-4.58,3.31
26.502863884,0.841,-0.077,0.134,0.011,0.016,-0.003,2.23,-4.64,3.2
26.522879601,0.841,-0.076,0.134,0.008,0.016,-0.001,2.23,-4.72,3.02
26.542754174,0.841,-0.076,0.134,0.011,0.021,-0.002,2.22,-4.85,2.93
26.562754632,0.841,-0.076,0.134,0.009,0.022,0,2.2,-4.89,2.94
26.582750321,0.84,-0.075,0.134,0.002,0.026,0,2.17,-4.88,2.81
26.602796793,0.844,-0.078,0.135,0.032,0.009,0.011,2.31,-5.2,2.82
26.622733117,0.853,-0.077,0.135,0.051,0.013,0.005,2.29,-5.34,2.88
26.6430161,0.854,-0.077,0.135,0.046,0.014,0.006,2.27,-5.39,2.85
26.662774325,0.856,-0.076,0.134,0.06,0.02,0,2.24,-5.49,2.89
26.682745934,0.857,-0.075,0.134,0.055,0.021,0.002,2.24,-5.5,2.88
26.702827693,0.859,-0.075,0.134,0.062,0.023,0.002,2.22,-5.61,2.93
26.722868443,0.86,-0.074,0.134,0.063,0.025,0.002,2.19,-5.6,2.97
26.742790461,0.861,-0.074,0.135,0.06,0.027,0.003,2.19,-5.56,2.97
26.76284504,0.862,-0.073,0.135,0.063,0.029,0.003,2.18,-5.58,2.97
26.782845021,0.864,-0.073,0.135,0.067,0.031,0.003,2.16,-5.63,3
26.802731991,0.865,-0.072,0.135,0.069,0.033,0.004,2.12,-5.65,3.01
26.822766543,0.866,-0.071,0.135,0.068,0.035,0.003,2.1,-5.62,2.98
26.842743874,0.868,-0.071,0.135,0.068,0.037,0.003,2.1,-5.66,2.99
26.862787962,0.854,-0.074,0.134,-0.024,0.02,0.001,2.19,-5.07,2.86
26.882918835,0.854,-0.074,0.134,-0.026,0.022,0.001,2.15,-5.09,2.88
26.902801276,0.865,-0.076,0.135,0.019,0.012,0.008,2.24,-5.37,2.96
26.922825575,0.866,-0.076,0.135,0.017,0.014,0.008,2.24,-5.37,2.97
26.94272852,0.869,-0.075,0.134,0.025,0.017,0.006,2.22,-5.49,3.05
26.962810994,0.87,-0.075,0.135,0.027,0.019,0.006,2.19,-5.51,3.04
26.982793808,0.871,-0.074,0.135,0.028,0.02,0.005,2.18,-5.51,3.05
27.002747536,0.862,-0.076,0.135,-0.006,0.011,0.008,2.23,-5.27,2.92
27.023091317,0.86,-0.075,0.135,-0.008,0.013,0.01,2.21,-5.29,2.75
27.042882681,0.871,-0.076,0.135,-0.005,0.011,0.011,2.23,-5.37,2.79
27.062776328,0.874,-0.075,0.135,0,0.014,0.008,2.18,-5.49,2.79
27.082832337,0.865,-0.076,0.135,-0.033,0.009,0.011,2.21,-5.2,2.57
27.102840186,0.865,-0.076,0.136,-0.036,0.01,0.012,2.2,-5.3,2.48
27.1227808,0.864,-0.075,0.136,-0.032,0.013,0.011,2.16,-5.4,2.48
27.142724276,0.864,-0.075,0.136,-0.03,0.014,0.01,2.15,-5.54,2.27
27.16275692,0.869,-0.077,0.136,-0.018,0.007,0.011,2.19,-5.73,2.2
27.182703019,0.867,-0.076,0.137,-0.019,0.007,0.012,2.19,-5.79,1.97
27.202759266,0.867,-0.076,0.137,-0.017,0.011,0.011,2.14,-5.94,1.86
27.222788096,0.871,-0.077,0.137,-0.019,0.009,0.009,2.16,-5.98,1.8
27.24277401,0.871,-0.077,0.137,-0.02,0.011,0.01,2.14,-6.1,1.8
27.262726069,0.87,-0.076,0.137,-0.014,0.013,0.009,2.11,-6.23,1.68
27.282717944,0.87,-0.076,0.137,-0.018,0.013,0.011,2.1,-6.3,1.63
27.302942038,0.872,-0.076,0.137,0.001,0.016,0.007,2.06,-6.54,1.47
27.322941781,0.877,-0.076,0.137,0.014,0.014,0.002,2.08,-6.74,1.48
27.342781783,0.876,-0.076,0.137,0.009,0.015,0.004,2.05,-6.8,1.43
27.362895728,0.887,-0.075,0.136,0.022,0.02,0,2.03,-6.95,1.51
27.382825614,0.891,-0.074,0.135,0.035,0.025,-0.004,1.99,-7.08,1.59
27.402769804,0.883,-0.075,0.135,0.018,0.02,-0.004,2.02,-7.01,1.62
27.422833205,0.883,-0.074,0.135,0.023,0.022,-0.004,1.99,-7.12,1.63
27.443328143,0.884,-0.074,0.135,0.033,0.024,-0.004,1.97,-7.22,1.65
27.462816477,0.885,-0.073,0.134,0.042,0.026,-0.005,1.94,-7.4,1.62
27.482729674,0.885,-0.073,0.134,0.049,0.028,-0.005,1.94,-7.54,1.66
27.50280881,0.887,-0.072,0.134,0.059,0.03,-0.006,1.95,-7.66,1.74
27.523345471,0.888,-0.071,0.134,0.069,0.034,-0.007,1.95,-7.79,1.78
27.54395032,0.889,-0.071,0.134,0.081,0.039,-0.007,1.92,-7.9,1.84
27.562791825,0.911,-0.072,0.135,0.209,0.039,0,1.95,-8.76,2.02
27.582825661,0.915,-0.071,0.135,0.221,0.044,0,1.87,-8.73,2.12
27.602743149,0.922,-0.07,0.135,0.236,0.048,0.001,1.78,-8.66,2.25
27.622760296,0.925,-0.069,0.135,0.245,0.049,0.004,1.72,-8.42,2.37
27.642816067,0.93,-0.068,0.136,0.256,0.049,0.007,1.67,-8.24,2.5
27.662790776,0.935,-0.067,0.136,0.262,0.051,0.013,1.65,-7.97,2.66
27.682939291,0.941,-0.066,0.136,0.271,0.054,0.015,1.63,-7.67,2.81
27.702795268,0.928,-0.071,0.134,0.169,0.031,0.005,1.78,-6.52,2.94
27.722790242,0.928,-0.07,0.134,0.162,0.033,0.004,1.76,-5.99,3.1
27.74276495,0.931,-0.07,0.134,0.161,0.033,0.004,1.74,-5.48,3.24
27.762748719,0.934,-0.069,0.135,0.167,0.033,0.005,1.74,-4.99,3.39
27.782744647,0.938,-0.068,0.135,0.17,0.036,0.006,1.76,-4.55,3.53
27.802903653,0.942,-0.068,0.135,0.173,0.044,0.007,1.73,-4.12,3.64
27.822754384,0.946,-0.067,0.135,0.176,0.051,0.007,1.64,-3.81,3.68
27.842764617,0.95,-0.066,0.135,0.174,0.051,0.005,1.57,-3.46,3.7
27.862736702,0.958,-0.07,0.138,0.199,0.027,0.01,1.67,-3.23,3.85
27.882727623,0.962,-0.07,0.138,0.204,0.021,0,1.7,-2.91,3.99
27.902792454,0.966,-0.07,0.138,0.209,0.017,-0.004,1.76,-2.63,4.14
27.922796011,0.97,-0.07,0.138,0.21,0.017,-0.004,1.83,-2.39,4.3
27.942796708,0.974,-0.07,0.138,0.21,0.019,0.001,1.89,-2.2,4.47
27.96282959,0.988,-0.068,0.137,0.222,0.027,0.004,1.89,-2.16,4.62
27.982937098,0.993,-0.067,0.136,0.22,0.037,0,1.86,-2.05,4.76
28.002820254,0.997,-0.066,0.136,0.216,0.047,-0.004,1.78,-1.88,4.84
28.022846222,1.001,-0.065,0.136,0.211,0.052,-0.007,1.7,-1.74,4.87
28.042877436,0.993,-0.066,0.137,0.187,0.044,0,1.69,-1.51,4.82
28.062771082,0.993,-0.065,0.137,0.172,0.041,0.002,1.63,-1.44,4.69
28.082741738,1,-0.066,0.138,0.179,0.031,0.009,1.68,-1.55,4.63
28.102715493,1,-0.065,0.138,0.166,0.028,0.009,1.66,-1.56,4.49
28.122739077,1.007,-0.066,0.139,0.172,0.025,0.01,1.68,-1.73,4.44
28.142733813,1.02,-0.064,0.138,0.189,0.029,0.007,1.66,-2.02,4.46
28.162977219,1.023,-0.064,0.138,0.187,0.03,0.006,1.66,-2.22,4.46
28.182812214,1.017,-0.064,0.138,0.162,0.025,0.003,1.71,-2.27,4.44
28.202710152,1.02,-0.063,0.138,0.16,0.027,0.001,1.71,-2.58,4.46
28.222697974,1.02,-0.063,0.138,0.136,0.025,0,1.71,-2.67,4.41
28.242694378,1.022,-0.063,0.138,0.137,0.026,0,1.71,-2.94,4.45
28.26268363,1.025,-0.062,0.138,0.133,0.026,-0.004,1.72,-3.16,4.45
28.28278184,1.041,-0.062,0.138,0.177,0.027,-0.003,1.75,-3.64,4.57
28.302806855,1.046,-0.061,0.138,0.184,0.03,-0.004,1.75,-3.88,4.69
28.322715998,1.038,-0.062,0.138,0.166,0.024,-0.005,1.83,-3.85,4.72
28.342782975,1.042,-0.062,0.137,0.167,0.026,-0.004,1.83,-3.94,4.81
28.362713576,1.041,-0.062,0.137,0.146,0.025,-0.005,1.84,-3.79,4.83
28.382728339,1.047,-0.062,0.138,0.163,0.021,0,1.9,-3.84,4.93
28.402714491,1.05,-0.062,0.138,0.165,0.021,0,1.93,-3.7,5.02
28.422709942,1.051,-0.062,0.138,0.158,0.024,0,1.94,-3.52,5.05
28.442818881,1.056,-0.062,0.138,0.172,0.028,0,1.93,-3.47,5.11
28.462805272,1.06,-0.062,0.138,0.171,0.034,0.002,1.88,-3.38,5.15
28.482880593,1.06,-0.061,0.138,0.151,0.035,0.002,1.82,-3.16,5.13
28.502861739,1.062,-0.061,0.138,0.145,0.037,0.002,1.75,-2.99,5.1
28.522795201,1.065,-0.06,0.138,0.14,0.038,0.004,1.69,-2.84,5.13
28.542793751,1.068,-0.059,0.138,0.14,0.037,0.004,1.65,-2.74,5.14
28.562775612,1.07,-0.058,0.138,0.132,0.034,0.001,1.61,-2.59,5.09
28.58276105,1.086,-0.058,0.139,0.179,0.037,0.003,1.6,-2.84,5.16
28.603087426,1.09,-0.057,0.139,0.175,0.039,0.002,1.57,-2.76,5.18
28.622812748,1.094,-0.056,0.138,0.175,0.043,0,1.51,-2.68,5.19
28.642838479,1.098,-0.055,0.139,0.172,0.046,0,1.47,-2.51,5.15
28.662938595,1.087,-0.056,0.138,0.091,0.036,-0.004,1.45,-1.76,5.03
28.682960511,1.086,-0.056,0.138,0.076,0.034,-0.007,1.4,-1.39,4.88
28.702794314,1.091,-0.056,0.139,0.082,0.027,0,1.37,-1.18,4.85
28.723341465,1.093,-0.056,0.139,0.077,0.025,0,1.34,-0.81,4.78
28.742756844,1.104,-0.055,0.139,0.086,0.029,0,1.27,-0.55,4.79
28.762735606,1.096,-0.056,0.139,0.041,0.026,-0.002,1.25,0.09,4.65
28.782763005,1.095,-0.055,0.139,0.029,0.027,-0.004,1.21,0.48,4.47
28.802801133,1.095,-0.055,0.139,0.026,0.03,-0.004,1.16,0.69,4.34
28.82280469,1.097,-0.054,0.138,0.027,0.03,-0.006,1.12,0.75,4.09
28.842820168,1.097,-0.054,0.138,0.021,0.03,-0.007,1.09,0.8,3.91
28.862851859,1.113,-0.053,0.139,0.091,0.032,-0.001,1.07,0.16,3.81
28.882794381,1.117,-0.052,0.139,0.091,0.033,-0.002,1.03,-0.08,3.64
28.902759076,1.108,-0.053,0.139,0.055,0.023,-0.008,1.09,-0.2,3.28
28.922816754,1.109,-0.053,0.139,0.062,0.023,-0.01,1.09,-1.08,3.05
28.942807675,1.121,-0.052,0.139,0.087,0.025,-0.005,1.1,-2.03,3.1
28.962757111,1.123,-0.052,0.139,0.086,0.03,-0.004,1.09,-2.65,2.97
28.982761145,1.124,-0.051,0.139,0.078,0.032,-0.003,1.09,-3.08,2.84
29.002819777,1.114,-0.052,0.138,-0.004,0.021,-0.009,1.12,-3.04,2.66
29.022953749,1.113,-0.052,0.137,-0.016,0.021,-0.011,1.12,-3.2,2.45
29.042741061,1.113,-0.052,0.137,-0.015,0.022,-0.012,1.12,-3.33,2.29
29.062836409,1.118,-0.054,0.139,-0.006,0.014,0,1.16,-3.59,2.27
29.083179713,1.116,-0.053,0.138,-0.008,0.015,-0.002,1.15,-3.76,2.04
29.102879286,1.116,-0.053,0.138,-0.014,0.016,-0.001,1.14,-3.77,1.97
29.122709752,1.13,-0.052,0.139,0.04,0.021,0.002,1.1,-4.23,2.03
29.142749787,1.123,-0.053,0.139,0.028,0.02,0,1.1,-4.26,1.99
29.162682772,1.123,-0.053,0.139,0.028,0.02,0,1.12,-4.27,1.98
29.182933569,1.124,-0.052,0.139,0.03,0.022,0,1.08,-4.39,1.92
29.202847481,1.122,-0.052,0.138,0.017,0.02,-0.005,1.08,-4.31,1.76
29.222733975,1.127,-0.053,0.139,0.039,0.018,0,1.11,-4.6,1.76
29.242682457,1.125,-0.053,0.138,0.031,0.016,-0.001,1.12,-4.61,1.67
29.262787819,1.137,-0.052,0.139,0.054,0.022,0,1.07,-4.8,1.77
29.28272605,1.13,-0.053,0.139,0.039,0.018,-0.001,1.11,-4.72,1.73
29.302777768,1.14,-0.052,0.139,0.058,0.021,0,1.1,-4.92,1.81
29.322872878,1.141,-0.051,0.139,0.061,0.024,0,1.06,-4.98,1.86
29.342725993,1.142,-0.051,0.139,0.061,0.027,0,1.06,-5.03,1.9
29.362879754,1.134,-0.052,0.139,0.04,0.016,-0.001,1.16,-4.93,1.89
29.382767201,1.145,-0.051,0.139,0.083,0.021,0.003,1.14,-5.31,2.03
29.402938366,1.146,-0.051,0.139,0.088,0.023,0.003,1.13,-5.38,2.06
29.422784091,1.147,-0.051,0.139,0.068,0.017,0,1.21,-5.35,2.17
29.442746878,1.148,-0.051,0.139,0.066,0.017,0,1.21,-5.37,2.18
29.463143349,1.151,-0.051,0.139,0.078,0.02,0,1.21,-5.55,2.32
29.482750416,1.152,-0.051,0.139,0.077,0.021,0.001,1.26,-5.61,2.42
29.502722264,1.153,-0.05,0.139,0.078,0.022,0.004,1.28,-5.74,2.55
29.522828818,1.155,-0.049,0.14,0.082,0.025,0.004,1.29,-5.85,2.65
29.542922736,1.156,-0.049,0.14,0.084,0.025,0.007,1.26,-5.9,2.76
29.562754155,1.158,-0.049,0.14,0.088,0.025,0.011,1.34,-6.05,2.95
29.583003283,1.159,-0.048,0.141,0.09,0.027,0.014,1.35,-6.11,3.08
29.602748156,1.161,-0.048,0.141,0.096,0.029,0.015,1.36,-6.16,3.23
29.62271452,1.162,-0.048,0.142,0.098,0.03,0.014,1.38,-6.2,3.28
29.642722369,1.164,-0.047,0.142,0.102,0.033,0.015,1.38,-6.25,3.38
29.662713051,1.166,-0.046,0.142,0.108,0.036,0.016,1.38,-6.25,3.47
29.682714701,1.168,-0.046,0.142,0.113,0.039,0.016,1.38,-6.22,3.59
29.70279789,1.156,-0.051,0.137,0.015,0.016,-0.009,1.51,-5.49,3.54
29.722727061,1.156,-0.05,0.137,0.015,0.018,-0.011,1.51,-5.48,3.5
29.743019581,1.158,-0.05,0.136,0.024,0.022,-0.009,1.49,-5.52,3.51
29.762742997,1.16,-0.049,0.136,0.031,0.026,-0.01,1.49,-5.51,3.53
29.782808066,1.16,-0.049,0.136,0.034,0.027,-0.01,1.48,-5.54,3.6
29.802715064,1.165,-0.048,0.136,0.049,0.033,-0.009,1.44,-5.62,3.68
29.823014737,1.168,-0.047,0.135,0.059,0.036,-0.009,1.41,-5.7,3.73
29.842770577,1.17,-0.047,0.135,0.059,0.04,-0.008,1.38,-5.68,3.79
29.863126755,1.174,-0.046,0.135,0.069,0.044,-0.008,1.32,-5.65,3.79
29.882791043,1.181,-0.05,0.139,0.08,0.027,0.01,1.43,-5.61,3.98
29.902807713,1.184,-0.05,0.14,0.081,0.029,0.012,1.4,-5.45,4.18
29.922866822,1.194,-0.049,0.14,0.094,0.032,0.014,1.37,-5.44,4.32
29.942827702,1.197,-0.048,0.141,0.101,0.037,0.011,1.3,-5.2,4.5
29.962738276,1.191,-0.048,0.14,0.09,0.035,0.006,1.31,-5.04,4.56
29.982790709,1.194,-0.047,0.14,0.09,0.039,0.005,1.22,-4.8,4.65
30.00287819,1.204,-0.046,0.141,0.133,0.043,0.012,1.19,-5.01,4.76
30.022819281,1.198,-0.047,0.141,0.119,0.039,0.005,1.17,-4.74,4.73
30.042758704,1.202,-0.046,0.141,0.125,0.043,0.005,1.06,-4.64,4.75
30.062866688,1.203,-0.045,0.141,0.124,0.043,0.005,1.04,-4.61,4.76
30.082777024,1.205,-0.045,0.139,0.105,0.038,-0.005,0.99,-4.29,4.71
30.102756739,1.21,-0.045,0.141,0.131,0.031,0.003,1.01,-4.26,4.77
30.123285056,1.222,-0.044,0.141,0.145,0.034,0.005,0.96,-4.13,4.82
30.142822266,1.215,-0.045,0.141,0.119,0.028,-0.003,0.97,-3.76,4.77
30.162776232,1.218,-0.044,0.141,0.124,0.028,-0.004,0.96,-3.73,4.76
30.182789088,1.22,-0.044,0.141,0.131,0.029,-0.006,0.96,-3.82,4.76
30.202870846,1.221,-0.044,0.139,0.123,0.027,-0.015,1,-3.92,4.71
30.222772122,1.223,-0.043,0.139,0.123,0.029,-0.014,1.01,-4.11,4.73
30.242793084,1.226,-0.043,0.138,0.127,0.032,-0.017,1,-4.34,4.67
30.262778283,1.229,-0.042,0.138,0.127,0.035,-0.017,0.97,-4.52,4.67
30.282867432,1.231,-0.042,0.138,0.126,0.036,-0.017,0.96,-4.58,4.68
30.302714348,1.247,-0.042,0.14,0.171,0.034,0.002,0.96,-5.03,4.83
30.322696448,1.242,-0.042,0.14,0.14,0.03,-0.001,0.96,-4.85,4.83
30.342695475,1.242,-0.042,0.14,0.134,0.029,-0.006,0.94,-4.81,4.81
30.362759829,1.247,-0.042,0.14,0.148,0.029,-0.002,0.94,-4.89,4.87
30.382901431,1.248,-0.042,0.14,0.151,0.029,-0.008,0.92,-4.94,4.88
30.402866364,1.254,-0.042,0.14,0.166,0.03,-0.007,0.93,-5.14,4.94
30.422847748,1.257,-0.042,0.14,0.178,0.031,-0.01,0.95,-5.4,5.02
30.442797661,1.27,-0.04,0.141,0.2,0.036,-0.007,0.96,-5.81,5.14
30.462789774,1.266,-0.04,0.14,0.192,0.035,-0.011,1,-5.99,5.23
30.482829333,1.273,-0.04,0.141,0.208,0.037,-0.006,1,-6.1,5.29
30.502838851,1.282,-0.039,0.141,0.22,0.04,-0.006,1.04,-6.62,5.6
30.52287078,1.277,-0.039,0.139,0.178,0.036,-0.016,1.09,-6.41,5.75
30.542946101,1.287,-0.038,0.14,0.204,0.04,-0.005,1.11,-6.64,5.91
30.562808514,1.289,-0.038,0.14,0.206,0.043,-0.002,1.1,-6.65,5.99
30.582803011,1.297,-0.037,0.14,0.189,0.048,0.002,1.1,-6.39,6.38
30.603028298,1.299,-0.036,0.14,0.189,0.05,0.001,1.09,-6.32,6.5
30.622815371,1.303,-0.036,0.141,0.201,0.05,0.008,1.12,-6.31,6.68
30.642758132,1.298,-0.036,0.14,0.178,0.042,-0.004,1.18,-5.82,6.84
30.662815571,1.299,-0.036,0.139,0.174,0.04,-0.015,1.21,-5.46,6.98
30.682782412,1.306,-0.035,0.138,0.182,0.05,-0.009,1.15,-4.66,7.29
30.702798605,1.318,-0.035,0.14,0.243,0.051,0.01,1.2,-5.07,7.36
30.722810269,1.317,-0.034,0.139,0.211,0.065,0.002,0.89,-3.96,7.42
30.74278617,1.32,-0.033,0.139,0.205,0.063,-0.003,0.72,-3.4,7.49
30.762955905,1.336,-0.031,0.141,0.233,0.057,0.013,0.62,-3.04,7.61
30.782795907,1.332,-0.031,0.141,0.211,0.049,0.016,0.58,-2.39,7.64
30.8029418,1.333,-0.031,0.141,0.199,0.048,0.007,0.53,-1.81,7.63
30.822817088,1.335,-0.03,0.141,0.2,0.05,0.003,0.48,-1.6,7.63
30.842898846,1.341,-0.029,0.141,0.196,0.052,-0.004,0.33,-1.04,7.56
30.862703085,1.341,-0.029,0.141,0.196,0.052,-0.004,0.33,-1.04,7.56
30.88286376,1.357,-0.028,0.142,0.23,0.049,0.004,0.32,-0.86,7.47
30.902774334,1.356,-0.027,0.142,0.218,0.043,0.002,0.34,-0.72,7.27
30.922782898,1.358,-0.027,0.142,0.219,0.042,0.002,0.34,-0.78,7.21
30.942851067,1.37,-0.025,0.143,0.247,0.047,0.01,0.35,-1.11,7.13
30.962854147,1.375,-0.025,0.144,0.249,0.048,0.012,0.39,-1.34,7.07
30.982883215,1.379,-0.024,0.144,0.247,0.049,0.011,0.4,-1.58,6.98
31.002837897,1.383,-0.023,0.145,0.245,0.052,0.011,0.38,-1.86,6.86
31.022771597,1.383,-0.023,0.145,0.245,0.052,0.011,0.38,-1.86,6.86
31.043280602,1.387,-0.022,0.145,0.243,0.055,0.011,0.33,-2.19,6.74
31.062825442,1.389,-0.023,0.142,0.209,0.041,-0.004,0.27,-2.93,6.27
31.082886935,1.391,-0.022,0.142,0.206,0.041,-0.002,0.23,-3.1,6.2
31.102756024,1.404,-0.02,0.144,0.228,0.043,0.013,0.16,-3.62,6.11
31.122721196,1.399,-0.021,0.142,0.173,0.031,-0.002,0.18,-3.37,6.02
31.142678261,1.399,-0.021,0.142,0.173,0.031,-0.002,0.18,-3.37,6.02
31.163051367,1.405,-0.021,0.141,0.158,0.022,-0.005,0.25,-3.31,6.05
31.18281436,1.406,-0.021,0.14,0.145,0.019,-0.012,0.33,-3.1,6.11
31.202918053,1.406,-0.021,0.14,0.145,0.019,-0.012,0.33,-3.1,6.11
31.222842932,1.42,-0.02,0.142,0.197,0.023,0.003,0.4,-3.26,6.26
31.242737055,1.418,-0.02,0.142,0.189,0.028,0,0.5,-2.89,6.31
31.26313901,1.429,-0.02,0.142,0.202,0.035,0.003,0.52,-2.81,6.36
31.282849074,1.431,-0.02,0.142,0.202,0.037,0.003,0.52,-2.74,6.39
31.302849532,1.436,-0.018,0.143,0.2,0.042,0.003,0.54,-2.48,6.51
31.323100567,1.44,-0.018,0.143,0.2,0.045,0.004,0.53,-2.34,6.59
31.3428154,1.442,-0.017,0.143,0.202,0.047,0.005,0.53,-2.28,6.62
31.362999678,1.447,-0.017,0.144,0.196,0.044,0.011,0.57,-2.19,6.72
31.382822276,1.449,-0.016,0.144,0.195,0.045,0.011,0.56,-2.21,6.72
31.402831078,1.453,-0.015,0.145,0.182,0.043,0.016,0.58,-2.21,6.8
31.42269063,1.454,-0.015,0.146,0.175,0.042,0.019,0.59,-2.2,6.86
31.44274664,1.458,-0.014,0.146,0.162,0.044,0.02,0.58,-2.14,6.95
31.462688208,1.459,-0.014,0.147,0.154,0.045,0.02,0.58,-2.06,7.02
31.482731581,1.463,-0.012,0.147,0.14,0.048,0.021,0.53,-1.77,7.08
31.502747775,1.465,-0.011,0.148,0.135,0.049,0.022,0.52,-1.55,7.13
31.522743464,1.468,-0.01,0.148,0.133,0.051,0.021,0.49,-1.32,7.15
31.543407918,1.46,-0.014,0.142,0.036,0.029,-0.02,0.56,-0.39,7.07
31.562799216,1.458,-0.014,0.14,0.025,0.027,-0.028,0.55,-0.26,6.93
31.582914114,1.46,-0.014,0.139,0.023,0.026,-0.031,0.55,-0.29,6.76
31.602691651,1.462,-0.014,0.138,0.025,0.027,-0.034,0.54,-0.43,6.56
31.6226964,1.464,-0.013,0.137,0.023,0.027,-0.035,0.52,-0.64,6.42
31.642819644,1.466,-0.013,0.137,0.023,0.028,-0.034,0.51,-0.89,6.29
31.662818194,1.469,-0.012,0.136,0.023,0.029,-0.032,0.5,-1.18,6.17
31.682695389,1.471,-0.011,0.136,0.023,0.031,-0.031,0.51,-1.45,6.1
31.702834845,1.473,-0.011,0.136,0.028,0.033,-0.029,0.49,-1.65,6.02
31.722717047,1.479,-0.013,0.14,0.03,0.023,-0.001,0.6,-2.07,6.12
31.742828846,1.482,-0.013,0.141,0.029,0.026,0.003,0.59,-2.31,6.2
31.762871027,1.484,-0.012,0.142,0.03,0.029,0.004,0.6,-2.51,6.29
31.78282857,1.483,-0.012,0.141,0.024,0.03,-0.001,0.61,-2.68,6.29
31.802811385,1.496,-0.011,0.143,0.044,0.036,0.008,0.6,-3.03,6.43
31.82278514,1.491,-0.011,0.142,0.033,0.035,0.004,0.61,-3.05,6.55
31.842741013,1.5,-0.01,0.144,0.048,0.04,0.011,0.59,-3.27,6.68
31.862825156,1.494,-0.01,0.142,0.01,0.036,-0.006,0.61,-3.04,6.68
31.882823945,1.496,-0.01,0.142,0.017,0.038,-0.004,0.61,-3.11,6.76
31.902866364,1.507,-0.008,0.144,0.066,0.045,0.013,0.6,-3.49,6.9
31.923015833,1.508,-0.007,0.144,0.064,0.048,0.013,0.57,-3.46,6.95
31.942747355,1.502,-0.008,0.142,0.027,0.039,-0.012,0.61,-3.15,6.94
31.962862969,1.502,-0.009,0.14,0.022,0.035,-0.025,0.64,-3.11,6.9
31.982830287,1.507,-0.009,0.141,0.036,0.036,-0.013,0.64,-3.19,6.96
32.002729893,1.517,-0.007,0.143,0.053,0.04,-0.003,0.61,-3.32,7.04
32.022897721,1.521,-0.007,0.144,0.062,0.042,0.002,0.61,-3.38,7.1
32.042939187,1.514,-0.007,0.141,0.016,0.037,-0.017,0.61,-3.05,7.02
32.062682868,1.516,-0.007,0.141,0.024,0.038,-0.013,0.58,-3.14,7
32.082747221,1.526,-0.006,0.143,0.04,0.042,-0.003,0.53,-3.28,7.06
32.102750779,1.52,-0.006,0.141,0.005,0.037,-0.019,0.52,-3.05,6.98
32.122781754,1.53,-0.005,0.143,0.029,0.041,-0.005,0.5,-3.24,7.01
32.142864943,1.53,-0.004,0.143,0.029,0.043,-0.004,0.48,-3.22,7
32.162749768,1.525,-0.005,0.14,-0.009,0.035,-0.027,0.5,-2.94,6.9
32.182752371,1.525,-0.004,0.139,-0.011,0.037,-0.029,0.47,-2.92,6.89
32.202769995,1.527,-0.004,0.138,0.005,0.034,-0.039,0.52,-3.02,6.79
32.222746611,1.542,-0.004,0.142,0.076,0.036,0.001,0.56,-3.51,6.85
32.242720366,1.545,-0.004,0.143,0.081,0.036,0.002,0.56,-3.57,6.86
32.262723685,1.548,-0.003,0.143,0.085,0.038,0.001,0.54,-3.68,6.8
32.282798768,1.542,-0.004,0.141,0.075,0.038,-0.005,0.5,-3.67,6.72
32.302779198,1.553,-0.002,0.143,0.117,0.044,0.011,0.46,-4.06,6.78
32.322740555,1.556,-0.002,0.143,0.116,0.044,0.007,0.42,-4.11,6.74
32.342751503,1.559,-0.001,0.143,0.121,0.044,0.005,0.39,-4.19,6.72
32.362745047,1.563,-0.001,0.144,0.125,0.045,0.011,0.36,-4.25,6.74
32.382689953,1.565,0,0.144,0.122,0.046,0.007,0.32,-4.17,6.72
32.4027102,1.569,0,0.144,0.131,0.049,0.014,0.28,-4.19,6.76
32.422682524,1.57,0,0.144,0.127,0.047,0.006,0.26,-4.11,6.79
32.442927123,1.575,0.001,0.145,0.138,0.048,0.011,0.25,-4.21,6.88
32.462868691,1.576,0.001,0.145,0.14,0.047,0.011,0.25,-4.26,6.92
32.482840777,1.579,0.001,0.144,0.118,0.038,-0.005,0.32,-4.29,7.04
32.502826214,1.584,0.002,0.144,0.124,0.037,0.002,0.39,-4.51,7.19
32.522817374,1.587,0.002,0.145,0.122,0.037,0.01,0.46,-4.53,7.37
32.542735577,1.59,0.003,0.145,0.121,0.041,0.016,0.49,-4.41,7.55
32.562790871,1.592,0.004,0.146,0.121,0.047,0.019,0.46,-4.21,7.73
32.5827384,1.595,0.005,0.146,0.12,0.054,0.018,0.39,-3.93,7.81
32.603451014,1.597,0.006,0.147,0.123,0.058,0.017,0.3,-3.67,7.89
32.622824669,1.6,0.007,0.148,0.127,0.055,0.021,0.24,-3.4,7.97
32.642774344,1.603,0.008,0.148,0.129,0.052,0.024,0.22,-3.15,8.09
32.662766696,1.605,0.009,0.149,0.133,0.05,0.023,0.23,-2.98,8.2
32.682776213,1.608,0.01,0.149,0.134,0.05,0.023,0.24,-2.88,8.3
32.702997923,1.611,0.011,0.15,0.135,0.053,0.024,0.24,-2.84,8.35
32.722886801,1.613,0.012,0.15,0.134,0.056,0.024,0.23,-2.77,8.38
32.742799998,1.616,0.008,0.145,0.109,0.038,-0.01,0.32,-2.59,8.35
32.762724877,1.619,0.009,0.145,0.112,0.042,-0.011,0.29,-2.69,8.35
32.782790661,1.622,0.009,0.144,0.108,0.039,-0.019,0.29,-2.88,8.28
32.802796126,1.625,0.009,0.143,0.108,0.039,-0.021,0.27,-3.1,8.21
32.823115826,1.628,0.01,0.143,0.11,0.04,-0.021,0.24,-3.36,8.21
32.842827082,1.623,0.009,0.14,0.09,0.036,-0.038,0.25,-3.39,8.13
32.862776757,1.635,0.01,0.141,0.105,0.034,-0.025,0.28,-3.67,8.12
32.882710696,1.64,0.01,0.142,0.111,0.032,-0.015,0.33,-3.84,8.21
32.902708531,1.642,0.01,0.142,0.114,0.034,-0.013,0.34,-3.94,8.31
32.922782183,1.644,0.011,0.142,0.114,0.036,-0.012,0.37,-4.04,8.42
32.94326377,1.649,0.011,0.143,0.133,0.037,0.004,0.43,-4.25,8.58
32.962816716,1.643,0.012,0.141,0.105,0.037,-0.014,0.43,-4.19,8.61
32.982815981,1.653,0.012,0.142,0.116,0.04,-0.008,0.45,-4.42,8.67
33.002701283,1.657,0.013,0.142,0.117,0.045,-0.003,0.41,-4.58,8.74
33.022757531,1.659,0.014,0.142,0.12,0.048,-0.003,0.38,-4.8,8.82
33.042924166,1.663,0.015,0.143,0.108,0.047,-0.005,0.37,-4.88,8.87
33.062794686,1.666,0.015,0.143,0.108,0.049,-0.002,0.36,-4.93,8.92
33.082770825,1.661,0.015,0.14,0.092,0.05,-0.014,0.35,-4.75,8.96
33.10277772,1.661,0.015,0.139,0.089,0.049,-0.026,0.36,-4.52,9.01
33.122751952,1.675,0.016,0.141,0.119,0.051,-0.005,0.39,-4.48,9.13
33.142858983,1.678,0.017,0.141,0.125,0.054,-0.005,0.38,-4.2,9.3
33.162801028,1.673,0.018,0.139,0.096,0.056,-0.02,0.36,-3.78,9.4
33.182768822,1.685,0.019,0.142,0.151,0.06,0.02,0.39,-3.98,9.65
33.202775717,1.689,0.02,0.143,0.148,0.057,0.018,0.41,-3.85,9.84
33.222876072,1.684,0.02,0.141,0.133,0.052,0.004,0.48,-3.59,10.01
33.242875577,1.695,0.022,0.144,0.172,0.056,0.027,0.57,-3.75,10.3
33.262782574,1.699,0.022,0.144,0.168,0.054,0.022,0.68,-3.62,10.52
33.282855273,1.695,0.022,0.142,0.157,0.053,0.004,0.76,-3.38,10.73
33.302797556,1.706,0.022,0.143,0.173,0.051,0.005,0.89,-3.34,10.99
33.322818041,1.71,0.023,0.143,0.177,0.056,0.005,0.96,-3.2,11.24
33.34280777,1.715,0.023,0.144,0.187,0.063,0.015,1.02,-3.15,11.46
33.362745286,1.719,0.024,0.145,0.191,0.069,0.021,1.03,-3.09,11.63
33.383087874,1.723,0.026,0.145,0.193,0.076,0.02,0.96,-3.01,11.76
33.402755261,1.726,0.027,0.146,0.19,0.073,0.022,0.94,-2.88,11.9
33.422762156,1.73,0.028,0.147,0.194,0.069,0.02,0.93,-2.81,12.01
33.442725182,1.733,0.029,0.147,0.193,0.062,0.023,1,-2.71,12.13
33.46268797,1.737,0.031,0.148,0.197,0.065,0.027,1.04,-2.66,12.23
33.482805968,1.734,0.029,0.142,0.132,0.058,-0.015,1.06,-2.12,12.25
33.502998353,1.743,0.031,0.145,0.161,0.069,0.005,1.07,-2.24,12.39
33.522901059,1.748,0.032,0.146,0.166,0.072,0.01,1.04,-2.19,12.48
33.543179274,1.752,0.033,0.146,0.171,0.072,0.015,1.02,-2.1,12.57
33.562849522,1.756,0.035,0.147,0.173,0.071,0.017,0.99,-1.97,12.67
33.582817078,1.759,0.036,0.148,0.173,0.072,0.017,0.97,-1.81,12.76
33.602864266,1.763,0.037,0.148,0.175,0.074,0.021,0.94,-1.64,12.83
33.623349667,1.767,0.039,0.149,0.173,0.077,0.028,0.89,-1.48,12.88
33.642740965,1.77,0.04,0.149,0.174,0.079,0.03,0.84,-1.32,12.93
33.662778616,1.773,0.042,0.15,0.17,0.079,0.029,0.77,-1.11,12.96
33.682739974,1.777,0.043,0.151,0.17,0.081,0.027,0.72,-0.99,12.97
33.702837945,1.78,0.045,0.151,0.168,0.08,0.029,0.68,-0.92,12.97
33.722763539,1.784,0.046,0.152,0.165,0.078,0.034,0.67,-0.9,13
33.742838383,1.787,0.048,0.153,0.161,0.077,0.037,0.68,-0.83,13.03
33.763162375,1.79,0.049,0.154,0.153,0.079,0.035,0.68,-0.74,13.06
33.782936574,1.793,0.051,0.154,0.147,0.083,0.033,0.68,-0.67,13.08
33.802854538,1.796,0.052,0.155,0.142,0.085,0.033,0.64,-0.56,13.13
33.822841645,1.799,0.054,0.156,0.136,0.086,0.035,0.62,-0.42,13.18
33.842733384,1.801,0.055,0.156,0.129,0.084,0.037,0.61,-0.32,13.23
33.862882615,1.804,0.057,0.157,0.124,0.082,0.038,0.6,-0.16,13.23
33.882811785,1.806,0.058,0.158,0.117,0.081,0.038,0.59,-0.05,13.23
